{
"type": "FeatureCollection",
"name": "geo_22_小学校",
"crs": { "type": "name", "properties": { "name": "urn:ogc:def:crs:EPSG::6668" } },
"features": [
{ "type": "Feature", "properties": { "P29_001": "22101", "P29_002": "B122110000015", "P29_003": "16001", "P29_004": "静岡大学教育学部附属静岡小学校", "P29_005": "静岡県静岡市葵区駿府町1-94", "P29_006": "1", "P29_007": "1", "P29_008": "00", "P29_009": null }, "geometry": { "type": "Point", "coordinates": [ 138.386029420656627, 34.978082383997609 ] } },
{ "type": "Feature", "properties": { "P29_001": "22131", "P29_002": "B122110000024", "P29_003": "16001", "P29_004": "静岡大学教育学部附属浜松小学校", "P29_005": "静岡県浜松市中区布橋3-2-1", "P29_006": "1", "P29_007": "1", "P29_008": "00", "P29_009": null }, "geometry": { "type": "Point", "coordinates": [ 137.714120313722162, 34.719221110548858 ] } },
{ "type": "Feature", "properties": { "P29_001": "22203", "P29_002": "B122210000013", "P29_003": "16001", "P29_004": "沼津市立第一小学校", "P29_005": "静岡県沼津市八幡町65-1", "P29_006": "3", "P29_007": "1", "P29_008": "00", "P29_009": null }, "geometry": { "type": "Point", "coordinates": [ 138.853858716855655, 35.098915158205656 ] } },
{ "type": "Feature", "properties": { "P29_001": "22203", "P29_002": "B122210000022", "P29_003": "16001", "P29_004": "沼津市立第二小学校", "P29_005": "静岡県沼津市常盤町2-32", "P29_006": "3", "P29_007": "1", "P29_008": "00", "P29_009": null }, "geometry": { "type": "Point", "coordinates": [ 138.854422563126093, 35.089699400441077 ] } },
{ "type": "Feature", "properties": { "P29_001": "22203", "P29_002": "B122210000031", "P29_003": "16001", "P29_004": "沼津市立第三小学校", "P29_005": "静岡県沼津市下香貫下障子3157-2", "P29_006": "3", "P29_007": "1", "P29_008": "00", "P29_009": null }, "geometry": { "type": "Point", "coordinates": [ 138.869201895968104, 35.080210076380666 ] } },
{ "type": "Feature", "properties": { "P29_001": "22203", "P29_002": "B122210000040", "P29_003": "16001", "P29_004": "沼津市立第四小学校", "P29_005": "静岡県沼津市御幸町4-1", "P29_006": "3", "P29_007": "1", "P29_008": "00", "P29_009": null }, "geometry": { "type": "Point", "coordinates": [ 138.864734987482507, 35.09691513954558 ] } },
{ "type": "Feature", "properties": { "P29_001": "22203", "P29_002": "B122210000059", "P29_003": "16001", "P29_004": "沼津市立第五小学校", "P29_005": "静岡県沼津市米山町9-1", "P29_006": "3", "P29_007": "1", "P29_008": "00", "P29_009": null }, "geometry": { "type": "Point", "coordinates": [ 138.863669961243801, 35.10769603905073 ] } },
{ "type": "Feature", "properties": { "P29_001": "22203", "P29_002": "B122210000068", "P29_003": "16001", "P29_004": "沼津市立開北小学校", "P29_005": "静岡県沼津市高沢町17-1", "P29_006": "3", "P29_007": "1", "P29_008": "00", "P29_009": null }, "geometry": { "type": "Point", "coordinates": [ 138.854538630942187, 35.107454945918157 ] } },
{ "type": "Feature", "properties": { "P29_001": "22203", "P29_002": "B122210000077", "P29_003": "16001", "P29_004": "沼津市立千本小学校", "P29_005": "静岡県沼津市本字千本1910-19", "P29_006": "3", "P29_007": "1", "P29_008": "00", "P29_009": null }, "geometry": { "type": "Point", "coordinates": [ 138.847532653892983, 35.096573405992622 ] } },
{ "type": "Feature", "properties": { "P29_001": "22203", "P29_002": "B122210000086", "P29_003": "16001", "P29_004": "沼津市立片浜小学校", "P29_005": "静岡県沼津市大諏訪41", "P29_006": "3", "P29_007": "1", "P29_008": "00", "P29_009": null }, "geometry": { "type": "Point", "coordinates": [ 138.828780551325849, 35.111130057571792 ] } },
{ "type": "Feature", "properties": { "P29_001": "22203", "P29_002": "B122210000095", "P29_003": "16001", "P29_004": "沼津市立金岡小学校", "P29_005": "静岡県沼津市江原町3-1", "P29_006": "3", "P29_007": "1", "P29_008": "00", "P29_009": null }, "geometry": { "type": "Point", "coordinates": [ 138.861055275925082, 35.119297527132133 ] } },
{ "type": "Feature", "properties": { "P29_001": "22203", "P29_002": "B122210000102", "P29_003": "16001", "P29_004": "沼津市立大岡小学校", "P29_005": "静岡県沼津市大岡2358", "P29_006": "3", "P29_007": "1", "P29_008": "00", "P29_009": null }, "geometry": { "type": "Point", "coordinates": [ 138.879089051960534, 35.112694789751686 ] } },
{ "type": "Feature", "properties": { "P29_001": "22203", "P29_002": "B122210000111", "P29_003": "16001", "P29_004": "沼津市立静浦小学校", "P29_005": "静岡県沼津市獅子浜17", "P29_006": "3", "P29_007": "1", "P29_008": "00", "P29_009": null }, "geometry": { "type": "Point", "coordinates": [ 138.885641542060256, 35.050921065547811 ] } },
{ "type": "Feature", "properties": { "P29_001": "22203", "P29_002": "B122210000120", "P29_003": "16001", "P29_004": "沼津市立愛鷹小学校", "P29_005": "静岡県沼津市西椎路673-1", "P29_006": "3", "P29_007": "1", "P29_008": "00", "P29_009": null }, "geometry": { "type": "Point", "coordinates": [ 138.829646416485019, 35.131229809011195 ] } },
{ "type": "Feature", "properties": { "P29_001": "22203", "P29_002": "B122210000139", "P29_003": "16001", "P29_004": "沼津市立大平小学校", "P29_005": "静岡県沼津市大平2200", "P29_006": "3", "P29_007": "1", "P29_008": "00", "P29_009": null }, "geometry": { "type": "Point", "coordinates": [ 138.910460419740474, 35.076425772112778 ] } },
{ "type": "Feature", "properties": { "P29_001": "22203", "P29_002": "B122210000166", "P29_003": "16001", "P29_004": "沼津市立香貫小学校", "P29_005": "静岡県沼津市下香貫猪沼986", "P29_006": "3", "P29_007": "1", "P29_008": "00", "P29_009": null }, "geometry": { "type": "Point", "coordinates": [ 138.884325804433814, 35.082104677448271 ] } },
{ "type": "Feature", "properties": { "P29_001": "22203", "P29_002": "B122210000175", "P29_003": "16001", "P29_004": "沼津市立門池小学校", "P29_005": "静岡県沼津市岡一色88-2", "P29_006": "3", "P29_007": "1", "P29_008": "00", "P29_009": null }, "geometry": { "type": "Point", "coordinates": [ 138.882224657455311, 35.125192384352282 ] } },
{ "type": "Feature", "properties": { "P29_001": "22203", "P29_002": "B122210000184", "P29_003": "16001", "P29_004": "沼津市立今沢小学校", "P29_005": "静岡県沼津市東原字榎田通76-1", "P29_006": "3", "P29_007": "1", "P29_008": "00", "P29_009": null }, "geometry": { "type": "Point", "coordinates": [ 138.817946976823691, 35.124638167551637 ] } },
{ "type": "Feature", "properties": { "P29_001": "22203", "P29_002": "B122210000193", "P29_003": "16001", "P29_004": "沼津市立沢田小学校", "P29_005": "静岡県沼津市中沢田字円丸715", "P29_006": "3", "P29_007": "1", "P29_008": "00", "P29_009": null }, "geometry": { "type": "Point", "coordinates": [ 138.852451283273041, 35.12872338590131 ] } },
{ "type": "Feature", "properties": { "P29_001": "22203", "P29_002": "B122210000200", "P29_003": "16001", "P29_004": "沼津市立原東小学校", "P29_005": "静岡県沼津市大塚814-1", "P29_006": "3", "P29_007": "1", "P29_008": "00", "P29_009": null }, "geometry": { "type": "Point", "coordinates": [ 138.809521514237559, 35.126875359224535 ] } },
{ "type": "Feature", "properties": { "P29_001": "22205", "P29_002": "B122210000219", "P29_003": "16001", "P29_004": "熱海市立第一小学校", "P29_005": "静岡県熱海市西山町41-1", "P29_006": "3", "P29_007": "1", "P29_008": "00", "P29_009": null }, "geometry": { "type": "Point", "coordinates": [ 139.067137873089649, 35.10155406282324 ] } },
{ "type": "Feature", "properties": { "P29_001": "22205", "P29_002": "B122210000228", "P29_003": "16001", "P29_004": "熱海市立初島小学校", "P29_005": "静岡県熱海市初島219", "P29_006": "3", "P29_007": "1", "P29_008": "00", "P29_009": null }, "geometry": { "type": "Point", "coordinates": [ 139.170669811315179, 35.042294518546484 ] } },
{ "type": "Feature", "properties": { "P29_001": "22205", "P29_002": "B122210000237", "P29_003": "16001", "P29_004": "熱海市立第二小学校", "P29_005": "静岡県熱海市桜町3-20", "P29_006": "3", "P29_007": "1", "P29_008": "00", "P29_009": null }, "geometry": { "type": "Point", "coordinates": [ 139.067543344567071, 35.088908200712595 ] } },
{ "type": "Feature", "properties": { "P29_001": "22205", "P29_002": "B122210000246", "P29_003": "16001", "P29_004": "熱海市立多賀小学校", "P29_005": "静岡県熱海市下多賀920-1", "P29_006": "3", "P29_007": "1", "P29_008": "00", "P29_009": null }, "geometry": { "type": "Point", "coordinates": [ 139.070026662343537, 35.049336730540496 ] } },
{ "type": "Feature", "properties": { "P29_001": "22205", "P29_002": "B122210000255", "P29_003": "16001", "P29_004": "熱海市立伊豆山小学校", "P29_005": "静岡県熱海市伊豆山711", "P29_006": "3", "P29_007": "1", "P29_008": "00", "P29_009": null }, "geometry": { "type": "Point", "coordinates": [ 139.084069069801444, 35.115786477149264 ] } },
{ "type": "Feature", "properties": { "P29_001": "22205", "P29_002": "B122210000264", "P29_003": "16001", "P29_004": "熱海市立桃山小学校", "P29_005": "静岡県熱海市桃山町6-5", "P29_006": "3", "P29_007": "1", "P29_008": "00", "P29_009": null }, "geometry": { "type": "Point", "coordinates": [ 139.074096664595771, 35.106395351719961 ] } },
{ "type": "Feature", "properties": { "P29_001": "22205", "P29_002": "B122210000282", "P29_003": "16001", "P29_004": "熱海市立泉小学校", "P29_005": "静岡県熱海市泉280", "P29_006": "3", "P29_007": "1", "P29_008": "00", "P29_009": null }, "geometry": { "type": "Point", "coordinates": [ 139.08080661360421, 35.135872727371961 ] } },
{ "type": "Feature", "properties": { "P29_001": "22206", "P29_002": "B122210000291", "P29_003": "16001", "P29_004": "三島市立東小学校", "P29_005": "静岡県三島市東町10-1", "P29_006": "3", "P29_007": "1", "P29_008": "00", "P29_009": null }, "geometry": { "type": "Point", "coordinates": [ 138.924610186050757, 35.117976680904242 ] } },
{ "type": "Feature", "properties": { "P29_001": "22206", "P29_002": "B122210000308", "P29_003": "16001", "P29_004": "三島市立西小学校", "P29_005": "静岡県三島市緑町7-7", "P29_006": "3", "P29_007": "1", "P29_008": "00", "P29_009": null }, "geometry": { "type": "Point", "coordinates": [ 138.909097696222204, 35.116459732816502 ] } },
{ "type": "Feature", "properties": { "P29_001": "22206", "P29_002": "B122210000317", "P29_003": "16001", "P29_004": "三島市立南小学校", "P29_005": "静岡県三島市富田町6-1", "P29_006": "3", "P29_007": "1", "P29_008": "00", "P29_009": null }, "geometry": { "type": "Point", "coordinates": [ 138.917928122610363, 35.109759051314676 ] } },
{ "type": "Feature", "properties": { "P29_001": "22206", "P29_002": "B122210000326", "P29_003": "16001", "P29_004": "三島市立北小学校", "P29_005": "静岡県三島市文教町1-4-8", "P29_006": "3", "P29_007": "1", "P29_008": "00", "P29_009": null }, "geometry": { "type": "Point", "coordinates": [ 138.912919615160519, 35.131351629014922 ] } },
{ "type": "Feature", "properties": { "P29_001": "22206", "P29_002": "B122210000335", "P29_003": "16001", "P29_004": "三島市立錦田小学校", "P29_005": "静岡県三島市谷田966", "P29_006": "3", "P29_007": "1", "P29_008": "00", "P29_009": null }, "geometry": { "type": "Point", "coordinates": [ 138.936538438230059, 35.112990335505593 ] } },
{ "type": "Feature", "properties": { "P29_001": "22206", "P29_002": "B122210000344", "P29_003": "16001", "P29_004": "三島市立徳倉小学校", "P29_005": "静岡県三島市徳倉4-1-45", "P29_006": "3", "P29_007": "1", "P29_008": "00", "P29_009": null }, "geometry": { "type": "Point", "coordinates": [ 138.913223868265874, 35.142227750426265 ] } },
{ "type": "Feature", "properties": { "P29_001": "22206", "P29_002": "B122210000353", "P29_003": "16001", "P29_004": "三島市立坂小学校", "P29_005": "静岡県三島市市山新田163-2", "P29_006": "3", "P29_007": "1", "P29_008": "00", "P29_009": null }, "geometry": { "type": "Point", "coordinates": [ 138.961688996338523, 35.136788003047066 ] } },
{ "type": "Feature", "properties": { "P29_001": "22206", "P29_002": "B122210000362", "P29_003": "16001", "P29_004": "三島市立佐野小学校", "P29_005": "静岡県三島市佐野238", "P29_006": "3", "P29_007": "1", "P29_008": "00", "P29_009": null }, "geometry": { "type": "Point", "coordinates": [ 138.924093948772338, 35.168616199955636 ] } },
{ "type": "Feature", "properties": { "P29_001": "22206", "P29_002": "B122210000371", "P29_003": "16001", "P29_004": "三島市立中郷小学校", "P29_005": "静岡県三島市梅名453", "P29_006": "3", "P29_007": "1", "P29_008": "00", "P29_009": null }, "geometry": { "type": "Point", "coordinates": [ 138.927417611377336, 35.095087792884343 ] } },
{ "type": "Feature", "properties": { "P29_001": "22206", "P29_002": "B122210000380", "P29_003": "16001", "P29_004": "三島市立沢地小学校", "P29_005": "静岡県三島市沢地127-1", "P29_006": "3", "P29_007": "1", "P29_008": "00", "P29_009": null }, "geometry": { "type": "Point", "coordinates": [ 138.926678864824225, 35.140530920474156 ] } },
{ "type": "Feature", "properties": { "P29_001": "22206", "P29_002": "B122210000399", "P29_003": "16001", "P29_004": "三島市立向山小学校", "P29_005": "静岡県三島市谷田1946", "P29_006": "3", "P29_007": "1", "P29_008": "00", "P29_009": null }, "geometry": { "type": "Point", "coordinates": [ 138.938387663060752, 35.104589924119765 ] } },
{ "type": "Feature", "properties": { "P29_001": "22206", "P29_002": "B122210000406", "P29_003": "16001", "P29_004": "三島市立北上小学校", "P29_005": "静岡県三島市徳倉844-1", "P29_006": "3", "P29_007": "1", "P29_008": "00", "P29_009": null }, "geometry": { "type": "Point", "coordinates": [ 138.913523554675038, 35.149319866387522 ] } },
{ "type": "Feature", "properties": { "P29_001": "22206", "P29_002": "B122210000415", "P29_003": "16001", "P29_004": "三島市立山田小学校", "P29_005": "静岡県三島市川原ヶ谷812", "P29_006": "3", "P29_007": "1", "P29_008": "00", "P29_009": null }, "geometry": { "type": "Point", "coordinates": [ 138.93405193339882, 35.133184533095793 ] } },
{ "type": "Feature", "properties": { "P29_001": "22206", "P29_002": "B122210000424", "P29_003": "16001", "P29_004": "三島市立長伏小学校", "P29_005": "静岡県三島市長伏226-5", "P29_006": "3", "P29_007": "1", "P29_008": "00", "P29_009": null }, "geometry": { "type": "Point", "coordinates": [ 138.914837056575863, 35.085385833498179 ] } },
{ "type": "Feature", "properties": { "P29_001": "22207", "P29_002": "B122210000433", "P29_003": "16001", "P29_004": "富士宮市立東小学校", "P29_005": "静岡県富士宮市矢立町227", "P29_006": "3", "P29_007": "1", "P29_008": "00", "P29_009": null }, "geometry": { "type": "Point", "coordinates": [ 138.621214414952306, 35.22489572687865 ] } },
{ "type": "Feature", "properties": { "P29_001": "22207", "P29_002": "B122210000442", "P29_003": "16001", "P29_004": "富士宮市立黒田小学校", "P29_005": "静岡県富士宮市星山1030-2", "P29_006": "3", "P29_007": "1", "P29_008": "00", "P29_009": null }, "geometry": { "type": "Point", "coordinates": [ 138.61661584279986, 35.209517778574437 ] } },
{ "type": "Feature", "properties": { "P29_001": "22207", "P29_002": "B122210000451", "P29_003": "16001", "P29_004": "富士宮市立大宮小学校", "P29_005": "静岡県富士宮市元城町2-1", "P29_006": "3", "P29_007": "1", "P29_008": "00", "P29_009": null }, "geometry": { "type": "Point", "coordinates": [ 138.61246900013586, 35.226575003979647 ] } },
{ "type": "Feature", "properties": { "P29_001": "22207", "P29_002": "B122210000460", "P29_003": "16001", "P29_004": "富士宮市立貴船小学校", "P29_005": "静岡県富士宮市貴船町3-3", "P29_006": "3", "P29_007": "1", "P29_008": "00", "P29_009": null }, "geometry": { "type": "Point", "coordinates": [ 138.602539708022874, 35.227401563046818 ] } },
{ "type": "Feature", "properties": { "P29_001": "22207", "P29_002": "B122210000479", "P29_003": "16001", "P29_004": "富士宮市立富丘小学校", "P29_005": "静岡県富士宮市淀師489-4", "P29_006": "3", "P29_007": "1", "P29_008": "00", "P29_009": null }, "geometry": { "type": "Point", "coordinates": [ 138.596793950943663, 35.242984305848928 ] } },
{ "type": "Feature", "properties": { "P29_001": "22207", "P29_002": "B122210000488", "P29_003": "16001", "P29_004": "富士宮市立西小学校", "P29_005": "静岡県富士宮市安居山380", "P29_006": "3", "P29_007": "1", "P29_008": "00", "P29_009": null }, "geometry": { "type": "Point", "coordinates": [ 138.591291871086923, 35.208877173763291 ] } },
{ "type": "Feature", "properties": { "P29_001": "22207", "P29_002": "B122210000497", "P29_003": "16001", "P29_004": "富士宮市立大富士小学校", "P29_005": "静岡県富士宮市万野原新田3992", "P29_006": "3", "P29_007": "1", "P29_008": "00", "P29_009": null }, "geometry": { "type": "Point", "coordinates": [ 138.621316254176463, 35.25078111873988 ] } },
{ "type": "Feature", "properties": { "P29_001": "22207", "P29_002": "B122210000503", "P29_003": "16001", "P29_004": "富士宮市立富士根南小学校", "P29_005": "静岡県富士宮市小泉1675", "P29_006": "3", "P29_007": "1", "P29_008": "00", "P29_009": null }, "geometry": { "type": "Point", "coordinates": [ 138.636649336802776, 35.225531538789483 ] } },
{ "type": "Feature", "properties": { "P29_001": "22207", "P29_002": "B122210000512", "P29_003": "16001", "P29_004": "富士宮市立富士根北小学校", "P29_005": "静岡県富士宮市村山1499", "P29_006": "3", "P29_007": "1", "P29_008": "00", "P29_009": null }, "geometry": { "type": "Point", "coordinates": [ 138.652993979835173, 35.254192306714103 ] } },
{ "type": "Feature", "properties": { "P29_001": "22207", "P29_002": "B122210000521", "P29_003": "16001", "P29_004": "富士宮市立富士根北小学校粟倉分校", "P29_005": "静岡県富士宮市粟倉1828", "P29_006": "3", "P29_007": "9", "P29_008": "00", "P29_009": null }, "geometry": { "type": "Point", "coordinates": [ 138.661301431686439, 35.275360315954856 ] } },
{ "type": "Feature", "properties": { "P29_001": "22207", "P29_002": "B122210000530", "P29_003": "16001", "P29_004": "富士宮市立北山小学校", "P29_005": "静岡県富士宮市北山1582", "P29_006": "3", "P29_007": "1", "P29_008": "00", "P29_009": null }, "geometry": { "type": "Point", "coordinates": [ 138.604584337928969, 35.286209806101233 ] } },
{ "type": "Feature", "properties": { "P29_001": "22207", "P29_002": "B122210000549", "P29_003": "16001", "P29_004": "富士宮市立山宮小学校", "P29_005": "静岡県富士宮市山宮1560-1", "P29_006": "3", "P29_007": "1", "P29_008": "00", "P29_009": null }, "geometry": { "type": "Point", "coordinates": [ 138.627771998943331, 35.270153004483575 ] } },
{ "type": "Feature", "properties": { "P29_001": "22207", "P29_002": "B122210000558", "P29_003": "16001", "P29_004": "富士宮市立上井出小学校", "P29_005": "静岡県富士宮市上井出1400", "P29_006": "3", "P29_007": "1", "P29_008": "00", "P29_009": null }, "geometry": { "type": "Point", "coordinates": [ 138.601110945586527, 35.309567760195016 ] } },
{ "type": "Feature", "properties": { "P29_001": "22207", "P29_002": "B122210000567", "P29_003": "16001", "P29_004": "富士宮市立人穴小学校", "P29_005": "静岡県富士宮市人穴362", "P29_006": "3", "P29_007": "1", "P29_008": "00", "P29_009": null }, "geometry": { "type": "Point", "coordinates": [ 138.59598187850176, 35.351959593996497 ] } },
{ "type": "Feature", "properties": { "P29_001": "22207", "P29_002": "B122210000576", "P29_003": "16001", "P29_004": "富士宮市立井之頭小学校", "P29_005": "静岡県富士宮市猪之頭168", "P29_006": "3", "P29_007": "1", "P29_008": "00", "P29_009": null }, "geometry": { "type": "Point", "coordinates": [ 138.565077421402606, 35.361884181311424 ] } },
{ "type": "Feature", "properties": { "P29_001": "22207", "P29_002": "B122210000585", "P29_003": "16001", "P29_004": "富士宮市立井之頭小学校根原分校", "P29_005": "静岡県富士宮市根原155", "P29_006": "3", "P29_007": "9", "P29_008": "00", "P29_009": null }, "geometry": { "type": "Point", "coordinates": [ 138.589434520807345, 35.428238456888991 ] } },
{ "type": "Feature", "properties": { "P29_001": "22207", "P29_002": "B122210000594", "P29_003": "16001", "P29_004": "富士宮市立白糸小学校", "P29_005": "静岡県富士宮市原1115", "P29_006": "3", "P29_007": "1", "P29_008": "00", "P29_009": null }, "geometry": { "type": "Point", "coordinates": [ 138.578381925004152, 35.314060806438185 ] } },
{ "type": "Feature", "properties": { "P29_001": "22207", "P29_002": "B122210000601", "P29_003": "16001", "P29_004": "富士宮市立上野小学校", "P29_005": "静岡県富士宮市下条408", "P29_006": "3", "P29_007": "1", "P29_008": "00", "P29_009": null }, "geometry": { "type": "Point", "coordinates": [ 138.579682300606891, 35.274161250722479 ] } },
{ "type": "Feature", "properties": { "P29_001": "22207", "P29_002": "B122210000610", "P29_003": "16001", "P29_004": "富士宮市立富士見小学校", "P29_005": "静岡県富士宮市富士見ヶ丘1794", "P29_006": "3", "P29_007": "1", "P29_008": "00", "P29_009": null }, "geometry": { "type": "Point", "coordinates": [ 138.625776927625765, 35.237603270465009 ] } },
{ "type": "Feature", "properties": { "P29_001": "22208", "P29_002": "B122210000656", "P29_003": "16001", "P29_004": "伊東市立大池小学校", "P29_005": "静岡県伊東市吉田824-4", "P29_006": "3", "P29_007": "1", "P29_008": "00", "P29_009": null }, "geometry": { "type": "Point", "coordinates": [ 139.105879744045978, 34.933061377647959 ] } },
{ "type": "Feature", "properties": { "P29_001": "22208", "P29_002": "B122210000665", "P29_003": "16001", "P29_004": "伊東市立宇佐美小学校", "P29_005": "静岡県伊東市宇佐美1627-1", "P29_006": "3", "P29_007": "1", "P29_008": "00", "P29_009": null }, "geometry": { "type": "Point", "coordinates": [ 139.081159469303259, 35.007954398174228 ] } },
{ "type": "Feature", "properties": { "P29_001": "22208", "P29_002": "B122210000674", "P29_003": "16001", "P29_004": "伊東市立八幡野小学校", "P29_005": "静岡県伊東市八幡野976-1", "P29_006": "3", "P29_007": "1", "P29_008": "00", "P29_009": null }, "geometry": { "type": "Point", "coordinates": [ 139.104020070853068, 34.873288493582876 ] } },
{ "type": "Feature", "properties": { "P29_001": "22208", "P29_002": "B122210000683", "P29_003": "16001", "P29_004": "伊東市立富戸小学校", "P29_005": "静岡県伊東市富戸1203-1", "P29_006": "3", "P29_007": "1", "P29_008": "00", "P29_009": null }, "geometry": { "type": "Point", "coordinates": [ 139.13449091248799, 34.911243098074564 ] } },
{ "type": "Feature", "properties": { "P29_001": "22208", "P29_002": "B122210000692", "P29_003": "16001", "P29_004": "伊東市立池小学校", "P29_005": "静岡県伊東市池477-2", "P29_006": "3", "P29_007": "1", "P29_008": "00", "P29_009": null }, "geometry": { "type": "Point", "coordinates": [ 139.085606918523098, 34.892221673825958 ] } },
{ "type": "Feature", "properties": { "P29_001": "22208", "P29_002": "B122210000709", "P29_003": "16001", "P29_004": "伊東市立南小学校", "P29_005": "静岡県伊東市玖須美元和田716-87", "P29_006": "3", "P29_007": "1", "P29_008": "00", "P29_009": null }, "geometry": { "type": "Point", "coordinates": [ 139.114139107542741, 34.952208776522923 ] } },
{ "type": "Feature", "properties": { "P29_001": "22210", "P29_002": "B122210000727", "P29_003": "16001", "P29_004": "富士市立吉原小学校", "P29_005": "静岡県富士市高嶺町6-1", "P29_006": "3", "P29_007": "1", "P29_008": "00", "P29_009": null }, "geometry": { "type": "Point", "coordinates": [ 138.682979003789399, 35.157920931452267 ] } },
{ "type": "Feature", "properties": { "P29_001": "22210", "P29_002": "B122210000736", "P29_003": "16001", "P29_004": "富士市立今泉小学校", "P29_005": "静岡県富士市今泉3-17-1", "P29_006": "3", "P29_007": "1", "P29_008": "00", "P29_009": null }, "geometry": { "type": "Point", "coordinates": [ 138.697849102208352, 35.162181589686135 ] } },
{ "type": "Feature", "properties": { "P29_001": "22210", "P29_002": "B122210000745", "P29_003": "16001", "P29_004": "富士市立伝法小学校", "P29_005": "静岡県富士市伝法2743", "P29_006": "3", "P29_007": "1", "P29_008": "00", "P29_009": null }, "geometry": { "type": "Point", "coordinates": [ 138.668959288949111, 35.170489942609464 ] } },
{ "type": "Feature", "properties": { "P29_001": "22210", "P29_002": "B122210000754", "P29_003": "16001", "P29_004": "富士市立神戸小学校", "P29_005": "静岡県富士市神戸633", "P29_006": "3", "P29_007": "1", "P29_008": "00", "P29_009": null }, "geometry": { "type": "Point", "coordinates": [ 138.712302498260669, 35.189779806207127 ] } },
{ "type": "Feature", "properties": { "P29_001": "22210", "P29_002": "B122210000763", "P29_003": "16001", "P29_004": "富士市立元吉原小学校", "P29_005": "静岡県富士市今井3-4-2", "P29_006": "3", "P29_007": "1", "P29_008": "00", "P29_009": null }, "geometry": { "type": "Point", "coordinates": [ 138.716618195189056, 35.1399137132072 ] } },
{ "type": "Feature", "properties": { "P29_001": "22210", "P29_002": "B122210000772", "P29_003": "16001", "P29_004": "富士市立東小学校", "P29_005": "静岡県富士市西船津220", "P29_006": "3", "P29_007": "1", "P29_008": "00", "P29_009": null }, "geometry": { "type": "Point", "coordinates": [ 138.764044712445042, 35.149719303873468 ] } },
{ "type": "Feature", "properties": { "P29_001": "22210", "P29_002": "B122210000781", "P29_003": "16001", "P29_004": "富士市立須津小学校", "P29_005": "静岡県富士市中里1019", "P29_006": "3", "P29_007": "1", "P29_008": "00", "P29_009": null }, "geometry": { "type": "Point", "coordinates": [ 138.73835979105786, 35.161987876563565 ] } },
{ "type": "Feature", "properties": { "P29_001": "22210", "P29_002": "B122210000790", "P29_003": "16001", "P29_004": "富士市立吉永第一小学校", "P29_005": "静岡県富士市比奈1431", "P29_006": "3", "P29_007": "1", "P29_008": "00", "P29_009": null }, "geometry": { "type": "Point", "coordinates": [ 138.721486998644281, 35.166140003907579 ] } },
{ "type": "Feature", "properties": { "P29_001": "22210", "P29_002": "B122210000807", "P29_003": "16001", "P29_004": "富士市立吉永第二小学校", "P29_005": "静岡県富士市鵜無ヶ淵149-1", "P29_006": "3", "P29_007": "1", "P29_008": "00", "P29_009": null }, "geometry": { "type": "Point", "coordinates": [ 138.722792674210126, 35.193331270633841 ] } },
{ "type": "Feature", "properties": { "P29_001": "22210", "P29_002": "B122210000816", "P29_003": "16001", "P29_004": "富士市立原田小学校", "P29_005": "静岡県富士市原田480", "P29_006": "3", "P29_007": "1", "P29_008": "00", "P29_009": null }, "geometry": { "type": "Point", "coordinates": [ 138.708017731755064, 35.169466746977292 ] } },
{ "type": "Feature", "properties": { "P29_001": "22210", "P29_002": "B122210000825", "P29_003": "16001", "P29_004": "富士市立大淵第一小学校", "P29_005": "静岡県富士市大淵3012", "P29_006": "3", "P29_007": "1", "P29_008": "00", "P29_009": null }, "geometry": { "type": "Point", "coordinates": [ 138.685814524691409, 35.211805435739656 ] } },
{ "type": "Feature", "properties": { "P29_001": "22210", "P29_002": "B122210000843", "P29_003": "16001", "P29_004": "富士市立富士第一小学校", "P29_005": "静岡県富士市本市場280-2", "P29_006": "3", "P29_007": "1", "P29_008": "00", "P29_009": null }, "geometry": { "type": "Point", "coordinates": [ 138.653179757152316, 35.156060523644868 ] } },
{ "type": "Feature", "properties": { "P29_001": "22210", "P29_002": "B122210000852", "P29_003": "16001", "P29_004": "富士市立富士第二小学校", "P29_005": "静岡県富士市横割1-8-1", "P29_006": "3", "P29_007": "1", "P29_008": "00", "P29_009": null }, "geometry": { "type": "Point", "coordinates": [ 138.653962491329082, 35.147791081295352 ] } },
{ "type": "Feature", "properties": { "P29_001": "22210", "P29_002": "B122210000861", "P29_003": "16001", "P29_004": "富士市立田子浦小学校", "P29_005": "静岡県富士市中丸98", "P29_006": "3", "P29_007": "1", "P29_008": "00", "P29_009": null }, "geometry": { "type": "Point", "coordinates": [ 138.670758767271934, 35.138629437322336 ] } },
{ "type": "Feature", "properties": { "P29_001": "22210", "P29_002": "B122210000870", "P29_003": "16001", "P29_004": "富士市立岩松小学校", "P29_005": "静岡県富士市松岡850", "P29_006": "3", "P29_007": "1", "P29_008": "00", "P29_009": null }, "geometry": { "type": "Point", "coordinates": [ 138.632861751122164, 35.164518693504711 ] } },
{ "type": "Feature", "properties": { "P29_001": "22210", "P29_002": "B122210000889", "P29_003": "16001", "P29_004": "富士市立鷹岡小学校", "P29_005": "静岡県富士市久沢2-3-1", "P29_006": "3", "P29_007": "1", "P29_008": "00", "P29_009": null }, "geometry": { "type": "Point", "coordinates": [ 138.648370929301251, 35.190737809855314 ] } },
{ "type": "Feature", "properties": { "P29_001": "22210", "P29_002": "B122210000898", "P29_003": "16001", "P29_004": "富士市立広見小学校", "P29_005": "静岡県富士市広見本町1-1", "P29_006": "3", "P29_007": "1", "P29_008": "00", "P29_009": null }, "geometry": { "type": "Point", "coordinates": [ 138.686112259216372, 35.184562756258792 ] } },
{ "type": "Feature", "properties": { "P29_001": "22210", "P29_002": "B122210000905", "P29_003": "16001", "P29_004": "富士市立丘小学校", "P29_005": "静岡県富士市厚原2075", "P29_006": "3", "P29_007": "1", "P29_008": "00", "P29_009": null }, "geometry": { "type": "Point", "coordinates": [ 138.664745255964732, 35.189340202345647 ] } },
{ "type": "Feature", "properties": { "P29_001": "22210", "P29_002": "B122210000914", "P29_003": "16001", "P29_004": "富士市立富士見台小学校", "P29_005": "静岡県富士市富士見台1-12", "P29_006": "3", "P29_007": "1", "P29_008": "00", "P29_009": null }, "geometry": { "type": "Point", "coordinates": [ 138.710257080590878, 35.184320625882492 ] } },
{ "type": "Feature", "properties": { "P29_001": "22210", "P29_002": "B122210000923", "P29_003": "16001", "P29_004": "富士市立富士南小学校", "P29_005": "静岡県富士市宮下551", "P29_006": "3", "P29_007": "1", "P29_008": "00", "P29_009": null }, "geometry": { "type": "Point", "coordinates": [ 138.645938997393046, 35.13555900304965 ] } },
{ "type": "Feature", "properties": { "P29_001": "22210", "P29_002": "B122210000932", "P29_003": "16001", "P29_004": "富士市立天間小学校", "P29_005": "静岡県富士市天間50", "P29_006": "3", "P29_007": "1", "P29_008": "00", "P29_009": null }, "geometry": { "type": "Point", "coordinates": [ 138.635736113503754, 35.20078100868708 ] } },
{ "type": "Feature", "properties": { "P29_001": "22210", "P29_002": "B122210000941", "P29_003": "16001", "P29_004": "富士市立岩松北小学校", "P29_005": "静岡県富士市岩本123-1", "P29_006": "3", "P29_007": "1", "P29_008": "00", "P29_009": null }, "geometry": { "type": "Point", "coordinates": [ 138.639375337946063, 35.175238235306352 ] } },
{ "type": "Feature", "properties": { "P29_001": "22210", "P29_002": "B122210000950", "P29_003": "16001", "P29_004": "富士市立富士中央小学校", "P29_005": "静岡県富士市米之宮町295", "P29_006": "3", "P29_007": "1", "P29_008": "00", "P29_009": null }, "geometry": { "type": "Point", "coordinates": [ 138.658860550786898, 35.166348247612696 ] } },
{ "type": "Feature", "properties": { "P29_001": "22210", "P29_002": "B122210000969", "P29_003": "16001", "P29_004": "富士市立青葉台小学校", "P29_005": "静岡県富士市一色295", "P29_006": "3", "P29_007": "1", "P29_008": "00", "P29_009": null }, "geometry": { "type": "Point", "coordinates": [ 138.698292984968788, 35.188768723108346 ] } },
{ "type": "Feature", "properties": { "P29_001": "22215", "P29_002": "B122210000978", "P29_003": "16001", "P29_004": "御殿場市立御殿場小学校", "P29_005": "静岡県御殿場市萩原361-1", "P29_006": "3", "P29_007": "1", "P29_008": "00", "P29_009": null }, "geometry": { "type": "Point", "coordinates": [ 138.936391275868118, 35.311139138231724 ] } },
{ "type": "Feature", "properties": { "P29_001": "22215", "P29_002": "B122210000987", "P29_003": "16001", "P29_004": "御殿場市立御殿場南小学校", "P29_005": "静岡県御殿場市川島田580", "P29_006": "3", "P29_007": "1", "P29_008": "00", "P29_009": null }, "geometry": { "type": "Point", "coordinates": [ 138.931964971480767, 35.295613282709944 ] } },
{ "type": "Feature", "properties": { "P29_001": "22215", "P29_002": "B122210000996", "P29_003": "16001", "P29_004": "御殿場市立富士岡小学校", "P29_005": "静岡県御殿場市中山161", "P29_006": "3", "P29_007": "1", "P29_008": "00", "P29_009": null }, "geometry": { "type": "Point", "coordinates": [ 138.921995673266821, 35.259618730450107 ] } },
{ "type": "Feature", "properties": { "P29_001": "22215", "P29_002": "B122210001003", "P29_003": "16001", "P29_004": "御殿場市立神山小学校", "P29_005": "静岡県御殿場市神山478-2", "P29_006": "3", "P29_007": "1", "P29_008": "00", "P29_009": null }, "geometry": { "type": "Point", "coordinates": [ 138.923229970899769, 35.232366181103913 ] } },
{ "type": "Feature", "properties": { "P29_001": "22215", "P29_002": "B122210001012", "P29_003": "16001", "P29_004": "御殿場市立原里小学校", "P29_005": "静岡県御殿場市川島田1902", "P29_006": "3", "P29_007": "1", "P29_008": "00", "P29_009": null }, "geometry": { "type": "Point", "coordinates": [ 138.907917182566024, 35.300456987862447 ] } },
{ "type": "Feature", "properties": { "P29_001": "22215", "P29_002": "B122210001021", "P29_003": "16001", "P29_004": "御殿場市立玉穂小学校", "P29_005": "静岡県御殿場市中畑441", "P29_006": "3", "P29_007": "1", "P29_008": "00", "P29_009": null }, "geometry": { "type": "Point", "coordinates": [ 138.905296338980946, 35.316225424384605 ] } },
{ "type": "Feature", "properties": { "P29_001": "22215", "P29_002": "B122210001030", "P29_003": "16001", "P29_004": "御殿場市立印野小学校", "P29_005": "静岡県御殿場市印野1710", "P29_006": "3", "P29_007": "1", "P29_008": "00", "P29_009": null }, "geometry": { "type": "Point", "coordinates": [ 138.877580356256459, 35.300590032318155 ] } },
{ "type": "Feature", "properties": { "P29_001": "22215", "P29_002": "B122210001049", "P29_003": "16001", "P29_004": "御殿場市立高根小学校", "P29_005": "静岡県御殿場市塚原38-5", "P29_006": "3", "P29_007": "1", "P29_008": "00", "P29_009": null }, "geometry": { "type": "Point", "coordinates": [ 138.93999439484142, 35.330186952800446 ] } },
{ "type": "Feature", "properties": { "P29_001": "22215", "P29_002": "B122210001058", "P29_003": "16001", "P29_004": "御殿場市立高根小学校上小林分校", "P29_005": "静岡県御殿場市上小林730-1", "P29_006": "3", "P29_007": "1", "P29_008": "00", "P29_009": null }, "geometry": { "type": "Point", "coordinates": [ 138.91370183129726, 35.336375523189297 ] } },
{ "type": "Feature", "properties": { "P29_001": "22215", "P29_002": "B122210001067", "P29_003": "16001", "P29_004": "御殿場市立朝日小学校", "P29_005": "静岡県御殿場市川島田84-1", "P29_006": "3", "P29_007": "1", "P29_008": "00", "P29_009": null }, "geometry": { "type": "Point", "coordinates": [ 138.925633093691914, 35.290992240332237 ] } },
{ "type": "Feature", "properties": { "P29_001": "22215", "P29_002": "B122210001076", "P29_003": "16001", "P29_004": "御殿場市立東小学校", "P29_005": "静岡県御殿場市西田中310", "P29_006": "3", "P29_007": "1", "P29_008": "00", "P29_009": null }, "geometry": { "type": "Point", "coordinates": [ 138.945292532123887, 35.31569733553679 ] } },
{ "type": "Feature", "properties": { "P29_001": "22301", "P29_002": "B122210001085", "P29_003": "16001", "P29_004": "東伊豆町立稲取小学校", "P29_005": "静岡県賀茂郡東伊豆町稲取614-1", "P29_006": "3", "P29_007": "1", "P29_008": "00", "P29_009": null }, "geometry": { "type": "Point", "coordinates": [ 139.038747995744274, 34.769741996325372 ] } },
{ "type": "Feature", "properties": { "P29_001": "22301", "P29_002": "B122210001094", "P29_003": "16001", "P29_004": "東伊豆町立熱川小学校", "P29_005": "静岡県賀茂郡東伊豆町奈良本771-1", "P29_006": "3", "P29_007": "1", "P29_008": "00", "P29_009": null }, "geometry": { "type": "Point", "coordinates": [ 139.060280347653446, 34.812909903271468 ] } },
{ "type": "Feature", "properties": { "P29_001": "22219", "P29_002": "B122210001138", "P29_003": "16001", "P29_004": "下田市立稲梓小学校", "P29_005": "静岡県下田市椎原224", "P29_006": "3", "P29_007": "1", "P29_008": "00", "P29_009": null }, "geometry": { "type": "Point", "coordinates": [ 138.926050834936234, 34.723022127210371 ] } },
{ "type": "Feature", "properties": { "P29_001": "22219", "P29_002": "B122210001147", "P29_003": "16001", "P29_004": "下田市立稲生沢小学校", "P29_005": "静岡県下田市立野6-1", "P29_006": "3", "P29_007": "1", "P29_008": "00", "P29_009": null }, "geometry": { "type": "Point", "coordinates": [ 138.937094838012712, 34.696964067462289 ] } },
{ "type": "Feature", "properties": { "P29_001": "22219", "P29_002": "B122210001156", "P29_003": "16001", "P29_004": "下田市立白浜小学校", "P29_005": "静岡県下田市白浜1324-1", "P29_006": "3", "P29_007": "1", "P29_008": "00", "P29_009": null }, "geometry": { "type": "Point", "coordinates": [ 138.971327969991279, 34.700321585173469 ] } },
{ "type": "Feature", "properties": { "P29_001": "22219", "P29_002": "B122210001165", "P29_003": "16001", "P29_004": "下田市立浜崎小学校", "P29_005": "静岡県下田市須崎1785-1", "P29_006": "3", "P29_007": "1", "P29_008": "00", "P29_009": null }, "geometry": { "type": "Point", "coordinates": [ 138.963927850080552, 34.668690855194278 ] } },
{ "type": "Feature", "properties": { "P29_001": "22219", "P29_002": "B122210001174", "P29_003": "16001", "P29_004": "下田市立下田小学校", "P29_005": "静岡県下田市5-3-1", "P29_006": "3", "P29_007": "1", "P29_008": "00", "P29_009": null }, "geometry": { "type": "Point", "coordinates": [ 138.939927034487738, 34.672440779135343 ] } },
{ "type": "Feature", "properties": { "P29_001": "22219", "P29_002": "B122210001183", "P29_003": "16001", "P29_004": "下田市立大賀茂小学校", "P29_005": "静岡県下田市大賀茂1429", "P29_006": "3", "P29_007": "1", "P29_008": "00", "P29_009": null }, "geometry": { "type": "Point", "coordinates": [ 138.904984246033308, 34.676304950469856 ] } },
{ "type": "Feature", "properties": { "P29_001": "22219", "P29_002": "B122210001192", "P29_003": "16001", "P29_004": "下田市立朝日小学校", "P29_005": "静岡県下田市吉佐美544", "P29_006": "3", "P29_007": "1", "P29_008": "00", "P29_009": null }, "geometry": { "type": "Point", "coordinates": [ 138.919044035066435, 34.660475939816195 ] } },
{ "type": "Feature", "properties": { "P29_001": "22304", "P29_002": "B122210001209", "P29_003": "16001", "P29_004": "南伊豆町立南中小学校", "P29_005": "静岡県賀茂郡南伊豆町上賀茂80", "P29_006": "3", "P29_007": "1", "P29_008": "00", "P29_009": null }, "geometry": { "type": "Point", "coordinates": [ 138.860145024742877, 34.656817728832557 ] } },
{ "type": "Feature", "properties": { "P29_001": "22304", "P29_002": "B122210001218", "P29_003": "16001", "P29_004": "南伊豆町立南上小学校", "P29_005": "静岡県賀茂郡南伊豆町下小野640", "P29_006": "3", "P29_007": "1", "P29_008": "00", "P29_009": null }, "geometry": { "type": "Point", "coordinates": [ 138.834019021591871, 34.675719690021985 ] } },
{ "type": "Feature", "properties": { "P29_001": "22304", "P29_002": "B122210001227", "P29_003": "16001", "P29_004": "南伊豆町立南伊豆東小学校", "P29_005": "静岡県賀茂郡南伊豆町湊243", "P29_006": "3", "P29_007": "1", "P29_008": "00", "P29_009": null }, "geometry": { "type": "Point", "coordinates": [ 138.885099420582094, 34.649106720636674 ] } },
{ "type": "Feature", "properties": { "P29_001": "22305", "P29_002": "B122210001236", "P29_003": "16001", "P29_004": "松崎町立松崎小学校", "P29_005": "静岡県賀茂郡松崎町宮内332", "P29_006": "3", "P29_007": "1", "P29_008": "00", "P29_009": null }, "geometry": { "type": "Point", "coordinates": [ 138.778805963375447, 34.754478738269611 ] } },
{ "type": "Feature", "properties": { "P29_001": "22306", "P29_002": "B122210001245", "P29_003": "16001", "P29_004": "西伊豆町立仁科小学校", "P29_005": "静岡県賀茂郡西伊豆町仁科184", "P29_006": "3", "P29_007": "1", "P29_008": "00", "P29_009": null }, "geometry": { "type": "Point", "coordinates": [ 138.780262464958099, 34.773051596430129 ] } },
{ "type": "Feature", "properties": { "P29_001": "22306", "P29_002": "B122210001254", "P29_003": "16001", "P29_004": "西伊豆町立田子小学校", "P29_005": "静岡県賀茂郡西伊豆町田子1320", "P29_006": "3", "P29_007": "1", "P29_008": "00", "P29_009": null }, "geometry": { "type": "Point", "coordinates": [ 138.766798506704532, 34.803166759769958 ] } },
{ "type": "Feature", "properties": { "P29_001": "22306", "P29_002": "B122210001263", "P29_003": "16001", "P29_004": "西伊豆町立賀茂小学校", "P29_005": "静岡県賀茂郡西伊豆町宇久須836-2", "P29_006": "3", "P29_007": "1", "P29_008": "00", "P29_009": null }, "geometry": { "type": "Point", "coordinates": [ 138.784937797140145, 34.847953252291802 ] } },
{ "type": "Feature", "properties": { "P29_001": "22225", "P29_002": "B122210001272", "P29_003": "16001", "P29_004": "伊豆の国市立長岡南小学校", "P29_005": "静岡県伊豆の国市長岡1294-1", "P29_006": "3", "P29_007": "1", "P29_008": "00", "P29_009": null }, "geometry": { "type": "Point", "coordinates": [ 138.937964013250507, 35.031394126507429 ] } },
{ "type": "Feature", "properties": { "P29_001": "22225", "P29_002": "B122210001281", "P29_003": "16001", "P29_004": "伊豆の国市立長岡北小学校", "P29_005": "静岡県伊豆の国市南江間1200", "P29_006": "3", "P29_007": "1", "P29_008": "00", "P29_009": null }, "geometry": { "type": "Point", "coordinates": [ 138.926498001776793, 35.053907002294558 ] } },
{ "type": "Feature", "properties": { "P29_001": "22222", "P29_002": "B122210001290", "P29_003": "16001", "P29_004": "伊豆市立修善寺小学校", "P29_005": "静岡県伊豆市修善寺3244-1", "P29_006": "3", "P29_007": "1", "P29_008": "00", "P29_009": null }, "geometry": { "type": "Point", "coordinates": [ 138.9173475244028, 34.969502861539802 ] } },
{ "type": "Feature", "properties": { "P29_001": "22222", "P29_002": "B122210001307", "P29_003": "16001", "P29_004": "伊豆市立熊坂小学校", "P29_005": "静岡県伊豆市熊坂708-3", "P29_006": "3", "P29_007": "1", "P29_008": "00", "P29_009": null }, "geometry": { "type": "Point", "coordinates": [ 138.930726239890703, 34.990619694403854 ] } },
{ "type": "Feature", "properties": { "P29_001": "22222", "P29_002": "B122210001316", "P29_003": "16001", "P29_004": "伊豆市立修善寺東小学校", "P29_005": "静岡県伊豆市本立野419", "P29_006": "3", "P29_007": "1", "P29_008": "00", "P29_009": null }, "geometry": { "type": "Point", "coordinates": [ 138.943179594436998, 34.969875994877611 ] } },
{ "type": "Feature", "properties": { "P29_001": "22222", "P29_002": "B122210001325", "P29_003": "16001", "P29_004": "伊豆市立修善寺南小学校", "P29_005": "静岡県伊豆市柏久保425-1", "P29_006": "3", "P29_007": "1", "P29_008": "00", "P29_009": null }, "geometry": { "type": "Point", "coordinates": [ 138.950821530199818, 34.977345784661985 ] } },
{ "type": "Feature", "properties": { "P29_001": "22203", "P29_002": "B122210001334", "P29_003": "16001", "P29_004": "沼津市立戸田小学校", "P29_005": "静岡県沼津市戸田883", "P29_006": "3", "P29_007": "1", "P29_008": "00", "P29_009": null }, "geometry": { "type": "Point", "coordinates": [ 138.779146206750539, 34.972408099507753 ] } },
{ "type": "Feature", "properties": { "P29_001": "22325", "P29_002": "B122210001343", "P29_003": "16001", "P29_004": "函南町立函南小学校", "P29_005": "静岡県田方郡函南町仁田148", "P29_006": "3", "P29_007": "1", "P29_008": "00", "P29_009": null }, "geometry": { "type": "Point", "coordinates": [ 138.945885218599443, 35.082679565833587 ] } },
{ "type": "Feature", "properties": { "P29_001": "22325", "P29_002": "B122210001352", "P29_003": "16001", "P29_004": "函南町立丹那小学校", "P29_005": "静岡県田方郡函南町丹那443", "P29_006": "3", "P29_007": "1", "P29_008": "00", "P29_009": null }, "geometry": { "type": "Point", "coordinates": [ 139.019446324959745, 35.106317730002026 ] } },
{ "type": "Feature", "properties": { "P29_001": "22325", "P29_002": "B122210001361", "P29_003": "16001", "P29_004": "函南町立桑村小学校", "P29_005": "静岡県田方郡函南町桑原933", "P29_006": "3", "P29_007": "1", "P29_008": "00", "P29_009": null }, "geometry": { "type": "Point", "coordinates": [ 138.972316969334742, 35.114062205830443 ] } },
{ "type": "Feature", "properties": { "P29_001": "22325", "P29_002": "B122210001370", "P29_003": "16001", "P29_004": "函南町立東小学校", "P29_005": "静岡県田方郡函南町平井972", "P29_006": "3", "P29_007": "1", "P29_008": "00", "P29_009": null }, "geometry": { "type": "Point", "coordinates": [ 138.960908985821504, 35.089447512142385 ] } },
{ "type": "Feature", "properties": { "P29_001": "22325", "P29_002": "B122210001389", "P29_003": "16001", "P29_004": "函南町立西小学校", "P29_005": "静岡県田方郡函南町間宮475", "P29_006": "3", "P29_007": "1", "P29_008": "00", "P29_009": null }, "geometry": { "type": "Point", "coordinates": [ 138.937643091255666, 35.081924727031698 ] } },
{ "type": "Feature", "properties": { "P29_001": "22225", "P29_002": "B122210001398", "P29_003": "16001", "P29_004": "伊豆の国市立韮山小学校", "P29_005": "静岡県伊豆の国市四日町350", "P29_006": "3", "P29_007": "1", "P29_008": "00", "P29_009": null }, "geometry": { "type": "Point", "coordinates": [ 138.947822383799092, 35.055713001552988 ] } },
{ "type": "Feature", "properties": { "P29_001": "22225", "P29_002": "B122210001405", "P29_003": "16001", "P29_004": "伊豆の国市立韮山南小学校", "P29_005": "静岡県伊豆の国市中817-1", "P29_006": "3", "P29_007": "1", "P29_008": "00", "P29_009": null }, "geometry": { "type": "Point", "coordinates": [ 138.952866391654624, 35.038927862314345 ] } },
{ "type": "Feature", "properties": { "P29_001": "22225", "P29_002": "B122210001414", "P29_003": "16001", "P29_004": "伊豆の国市立大仁小学校", "P29_005": "静岡県伊豆の国市三福325", "P29_006": "3", "P29_007": "1", "P29_008": "00", "P29_009": null }, "geometry": { "type": "Point", "coordinates": [ 138.946886656473225, 35.008432169073295 ] } },
{ "type": "Feature", "properties": { "P29_001": "22225", "P29_002": "B122210001423", "P29_003": "16001", "P29_004": "伊豆の国市立大仁北小学校", "P29_005": "静岡県伊豆の国市守木312", "P29_006": "3", "P29_007": "1", "P29_008": "00", "P29_009": null }, "geometry": { "type": "Point", "coordinates": [ 138.948442976737596, 35.01804084653341 ] } },
{ "type": "Feature", "properties": { "P29_001": "22222", "P29_002": "B122210001432", "P29_003": "16001", "P29_004": "伊豆市立中伊豆小学校", "P29_005": "静岡県伊豆市八幡158-2", "P29_006": "3", "P29_007": "1", "P29_008": "00", "P29_009": null }, "geometry": { "type": "Point", "coordinates": [ 138.998330592484848, 34.958598456666572 ] } },
{ "type": "Feature", "properties": { "P29_001": "22222", "P29_002": "B122210001441", "P29_003": "16001", "P29_004": "伊豆市立天城小学校", "P29_005": "静岡県伊豆市青羽根41-3", "P29_006": "3", "P29_007": "1", "P29_008": "00", "P29_009": null }, "geometry": { "type": "Point", "coordinates": [ 138.931432421550994, 34.936501698647334 ] } },
{ "type": "Feature", "properties": { "P29_001": "22203", "P29_002": "B122210001450", "P29_003": "16001", "P29_004": "沼津市立原小学校", "P29_005": "静岡県沼津市原1200", "P29_006": "3", "P29_007": "1", "P29_008": "00", "P29_009": null }, "geometry": { "type": "Point", "coordinates": [ 138.79298099813326, 35.128034002246757 ] } },
{ "type": "Feature", "properties": { "P29_001": "22203", "P29_002": "B122210001469", "P29_003": "16001", "P29_004": "沼津市立浮島小学校", "P29_005": "静岡県沼津市平沼811", "P29_006": "3", "P29_007": "1", "P29_008": "00", "P29_009": null }, "geometry": { "type": "Point", "coordinates": [ 138.784410489866787, 35.147043022939414 ] } },
{ "type": "Feature", "properties": { "P29_001": "22203", "P29_002": "B122210001478", "P29_003": "16001", "P29_004": "沼津市立大岡南小学校", "P29_005": "静岡県沼津市大岡字原田1312", "P29_006": "3", "P29_007": "1", "P29_008": "00", "P29_009": null }, "geometry": { "type": "Point", "coordinates": [ 138.876569776758288, 35.103013277727896 ] } },
{ "type": "Feature", "properties": { "P29_001": "22341", "P29_002": "B122210001487", "P29_003": "16001", "P29_004": "清水町立清水小学校", "P29_005": "静岡県駿東郡清水町堂庭87", "P29_006": "3", "P29_007": "1", "P29_008": "00", "P29_009": null }, "geometry": { "type": "Point", "coordinates": [ 138.903861577003596, 35.102438962490886 ] } },
{ "type": "Feature", "properties": { "P29_001": "22341", "P29_002": "B122210001496", "P29_003": "16001", "P29_004": "清水町立南小学校", "P29_005": "静岡県駿東郡清水町湯川182-1", "P29_006": "3", "P29_007": "1", "P29_008": "00", "P29_009": null }, "geometry": { "type": "Point", "coordinates": [ 138.906290498858311, 35.090726617321451 ] } },
{ "type": "Feature", "properties": { "P29_001": "22341", "P29_002": "B122210001502", "P29_003": "16001", "P29_004": "清水町立西小学校", "P29_005": "静岡県駿東郡清水町長沢220", "P29_006": "3", "P29_007": "1", "P29_008": "00", "P29_009": null }, "geometry": { "type": "Point", "coordinates": [ 138.89668866255667, 35.105639392297277 ] } },
{ "type": "Feature", "properties": { "P29_001": "22342", "P29_002": "B122210001511", "P29_003": "16001", "P29_004": "長泉町立長泉小学校", "P29_005": "静岡県駿東郡長泉町中土狩872-2", "P29_006": "3", "P29_007": "1", "P29_008": "00", "P29_009": null }, "geometry": { "type": "Point", "coordinates": [ 138.898669080482335, 35.137098184507664 ] } },
{ "type": "Feature", "properties": { "P29_001": "22342", "P29_002": "B122210001520", "P29_003": "16001", "P29_004": "長泉町立南小学校", "P29_005": "静岡県駿東郡長泉町竹原100", "P29_006": "3", "P29_007": "1", "P29_008": "00", "P29_009": null }, "geometry": { "type": "Point", "coordinates": [ 138.894138996211183, 35.122427003126198 ] } },
{ "type": "Feature", "properties": { "P29_001": "22342", "P29_002": "B122210001539", "P29_003": "16001", "P29_004": "長泉町立北小学校", "P29_005": "静岡県駿東郡長泉町下長窪1060", "P29_006": "3", "P29_007": "1", "P29_008": "00", "P29_009": null }, "geometry": { "type": "Point", "coordinates": [ 138.888220747715764, 35.149429053976633 ] } },
{ "type": "Feature", "properties": { "P29_001": "22220", "P29_002": "B122210001548", "P29_003": "16001", "P29_004": "裾野市立東小学校", "P29_005": "静岡県裾野市茶畑399", "P29_006": "3", "P29_007": "1", "P29_008": "00", "P29_009": null }, "geometry": { "type": "Point", "coordinates": [ 138.914271400012808, 35.174556024559777 ] } },
{ "type": "Feature", "properties": { "P29_001": "22220", "P29_002": "B122210001557", "P29_003": "16001", "P29_004": "裾野市立西小学校", "P29_005": "静岡県裾野市佐野1143", "P29_006": "3", "P29_007": "1", "P29_008": "00", "P29_009": null }, "geometry": { "type": "Point", "coordinates": [ 138.904696896609579, 35.177604033742121 ] } },
{ "type": "Feature", "properties": { "P29_001": "22220", "P29_002": "B122210001566", "P29_003": "16001", "P29_004": "裾野市立深良小学校", "P29_005": "静岡県裾野市深良655", "P29_006": "3", "P29_007": "1", "P29_008": "00", "P29_009": null }, "geometry": { "type": "Point", "coordinates": [ 138.918414101172459, 35.202697883705966 ] } },
{ "type": "Feature", "properties": { "P29_001": "22220", "P29_002": "B122210001575", "P29_003": "16001", "P29_004": "裾野市立富岡第一小学校", "P29_005": "静岡県裾野市御宿600", "P29_006": "3", "P29_007": "1", "P29_008": "00", "P29_009": null }, "geometry": { "type": "Point", "coordinates": [ 138.905155456660452, 35.200675174548472 ] } },
{ "type": "Feature", "properties": { "P29_001": "22220", "P29_002": "B122210001584", "P29_003": "16001", "P29_004": "裾野市立富岡第二小学校", "P29_005": "静岡県裾野市下和田890", "P29_006": "3", "P29_007": "1", "P29_008": "00", "P29_009": null }, "geometry": { "type": "Point", "coordinates": [ 138.873773662179246, 35.232290249307667 ] } },
{ "type": "Feature", "properties": { "P29_001": "22220", "P29_002": "B122210001593", "P29_003": "16001", "P29_004": "裾野市立須山小学校", "P29_005": "静岡県裾野市須山165", "P29_006": "3", "P29_007": "1", "P29_008": "00", "P29_009": null }, "geometry": { "type": "Point", "coordinates": [ 138.846761285767485, 35.250305731019438 ] } },
{ "type": "Feature", "properties": { "P29_001": "22220", "P29_002": "B122210001600", "P29_003": "16001", "P29_004": "裾野市立向田小学校", "P29_005": "静岡県裾野市茶畑1133", "P29_006": "3", "P29_007": "1", "P29_008": "00", "P29_009": null }, "geometry": { "type": "Point", "coordinates": [ 138.921483780528121, 35.174029288011738 ] } },
{ "type": "Feature", "properties": { "P29_001": "22220", "P29_002": "B122210001619", "P29_003": "16001", "P29_004": "裾野市立千福が丘小学校", "P29_005": "静岡県裾野市千福が丘4-12-1", "P29_006": "3", "P29_007": "1", "P29_008": "00", "P29_009": null }, "geometry": { "type": "Point", "coordinates": [ 138.883226302242406, 35.19884167663637 ] } },
{ "type": "Feature", "properties": { "P29_001": "22220", "P29_002": "B122210001628", "P29_003": "16001", "P29_004": "裾野市立南小学校", "P29_005": "静岡県裾野市伊豆島田806-5", "P29_006": "3", "P29_007": "1", "P29_008": "00", "P29_009": null }, "geometry": { "type": "Point", "coordinates": [ 138.90472282449565, 35.156205128344766 ] } },
{ "type": "Feature", "properties": { "P29_001": "22344", "P29_002": "B122210001637", "P29_003": "16001", "P29_004": "小山町立成美小学校", "P29_005": "静岡県駿東郡小山町藤曲150", "P29_006": "3", "P29_007": "1", "P29_008": "00", "P29_009": null }, "geometry": { "type": "Point", "coordinates": [ 138.985151431427084, 35.363475701447733 ] } },
{ "type": "Feature", "properties": { "P29_001": "22344", "P29_002": "B122210001646", "P29_003": "16001", "P29_004": "小山町立明倫小学校", "P29_005": "静岡県駿東郡小山町菅沼627", "P29_006": "3", "P29_007": "1", "P29_008": "00", "P29_009": null }, "geometry": { "type": "Point", "coordinates": [ 138.978565976524379, 35.352868053052639 ] } },
{ "type": "Feature", "properties": { "P29_001": "22344", "P29_002": "B122210001655", "P29_003": "16001", "P29_004": "小山町立足柄小学校", "P29_005": "静岡県駿東郡小山町竹之下2411-1", "P29_006": "3", "P29_007": "1", "P29_008": "00", "P29_009": null }, "geometry": { "type": "Point", "coordinates": [ 138.983448820357495, 35.332696684940281 ] } },
{ "type": "Feature", "properties": { "P29_001": "22344", "P29_002": "B122210001664", "P29_003": "16001", "P29_004": "小山町立北郷小学校", "P29_005": "静岡県駿東郡小山町用沢604-1", "P29_006": "3", "P29_007": "1", "P29_008": "00", "P29_009": null }, "geometry": { "type": "Point", "coordinates": [ 138.942357918437779, 35.344557592551048 ] } },
{ "type": "Feature", "properties": { "P29_001": "22344", "P29_002": "B122210001673", "P29_003": "16001", "P29_004": "小山町立須走小学校", "P29_005": "静岡県駿東郡小山町須走70-18", "P29_006": "3", "P29_007": "1", "P29_008": "00", "P29_009": null }, "geometry": { "type": "Point", "coordinates": [ 138.869309794460776, 35.364557764242932 ] } },
{ "type": "Feature", "properties": { "P29_001": "22207", "P29_002": "B122210001682", "P29_003": "16001", "P29_004": "富士宮市立芝富小学校", "P29_005": "静岡県富士宮市長貫1323", "P29_006": "3", "P29_007": "1", "P29_008": "00", "P29_009": null }, "geometry": { "type": "Point", "coordinates": [ 138.566245943080361, 35.206665910796268 ] } },
{ "type": "Feature", "properties": { "P29_001": "22207", "P29_002": "B122210001691", "P29_003": "16001", "P29_004": "富士宮市立内房小学校", "P29_005": "静岡県富士宮市内房3909", "P29_006": "3", "P29_007": "1", "P29_008": "00", "P29_009": null }, "geometry": { "type": "Point", "coordinates": [ 138.550287193204497, 35.19301476120414 ] } },
{ "type": "Feature", "properties": { "P29_001": "22207", "P29_002": "B122210001708", "P29_003": "16001", "P29_004": "富士宮市立柚野小学校", "P29_005": "静岡県富士宮市上柚野88", "P29_006": "3", "P29_007": "1", "P29_008": "00", "P29_009": null }, "geometry": { "type": "Point", "coordinates": [ 138.552835716039539, 35.257951180601744 ] } },
{ "type": "Feature", "properties": { "P29_001": "22207", "P29_002": "B122210001717", "P29_003": "16001", "P29_004": "富士宮市立稲子小学校", "P29_005": "静岡県富士宮市上稲子830-1", "P29_006": "3", "P29_007": "1", "P29_008": "00", "P29_009": null }, "geometry": { "type": "Point", "coordinates": [ 138.532209380658713, 35.254516395015187 ] } },
{ "type": "Feature", "properties": { "P29_001": "22101", "P29_002": "B122210001726", "P29_003": "16001", "P29_004": "静岡市立新通小学校", "P29_005": "静岡県静岡市葵区駒形通2-4-47", "P29_006": "3", "P29_007": "1", "P29_008": "00", "P29_009": null }, "geometry": { "type": "Point", "coordinates": [ 138.377105114159292, 34.970241545213355 ] } },
{ "type": "Feature", "properties": { "P29_001": "22101", "P29_002": "B122210001735", "P29_003": "16001", "P29_004": "静岡市立伝馬町小学校", "P29_005": "静岡県静岡市葵区伝馬町14-2", "P29_006": "3", "P29_007": "1", "P29_008": "00", "P29_009": null }, "geometry": { "type": "Point", "coordinates": [ 138.391474079340014, 34.97508678987348 ] } },
{ "type": "Feature", "properties": { "P29_001": "22101", "P29_002": "B122210001744", "P29_003": "16001", "P29_004": "静岡市立安西小学校", "P29_005": "静岡県静岡市葵区安西1-96-3", "P29_006": "3", "P29_007": "1", "P29_008": "00", "P29_009": null }, "geometry": { "type": "Point", "coordinates": [ 138.374233330123246, 34.981088981405783 ] } },
{ "type": "Feature", "properties": { "P29_001": "22101", "P29_002": "B122210001753", "P29_003": "16001", "P29_004": "静岡市立横内小学校", "P29_005": "静岡県静岡市葵区緑町1-1", "P29_006": "3", "P29_007": "1", "P29_008": "00", "P29_009": null }, "geometry": { "type": "Point", "coordinates": [ 138.393002902080639, 34.986153916062293 ] } },
{ "type": "Feature", "properties": { "P29_001": "22101", "P29_002": "B122210001762", "P29_003": "16001", "P29_004": "静岡市立田町小学校", "P29_005": "静岡県静岡市葵区田町5-70", "P29_006": "3", "P29_007": "1", "P29_008": "00", "P29_009": null }, "geometry": { "type": "Point", "coordinates": [ 138.366754013716246, 34.96727581142946 ] } },
{ "type": "Feature", "properties": { "P29_001": "22102", "P29_002": "B122210001771", "P29_003": "16001", "P29_004": "静岡市立森下小学校", "P29_005": "静岡県静岡市駿河区森下町2-1", "P29_006": "3", "P29_007": "1", "P29_008": "00", "P29_009": null }, "geometry": { "type": "Point", "coordinates": [ 138.39291099416721, 34.971296002664907 ] } },
{ "type": "Feature", "properties": { "P29_001": "22101", "P29_002": "B122210001780", "P29_003": "16001", "P29_004": "静岡市立北沼上小学校", "P29_005": "静岡県静岡市葵区北沼上1020", "P29_006": "3", "P29_007": "1", "P29_008": "00", "P29_009": null }, "geometry": { "type": "Point", "coordinates": [ 138.423948197912495, 35.047479702419409 ] } },
{ "type": "Feature", "properties": { "P29_001": "22101", "P29_002": "B122210001799", "P29_003": "16001", "P29_004": "静岡市立駒形小学校", "P29_005": "静岡県静岡市葵区南安倍2-1-1", "P29_006": "3", "P29_007": "1", "P29_008": "00", "P29_009": null }, "geometry": { "type": "Point", "coordinates": [ 138.373128497027125, 34.961611109033605 ] } },
{ "type": "Feature", "properties": { "P29_001": "22101", "P29_002": "B122210001806", "P29_003": "16001", "P29_004": "静岡市立井宮小学校", "P29_005": "静岡県静岡市葵区平和1-7-1", "P29_006": "3", "P29_007": "1", "P29_008": "00", "P29_009": null }, "geometry": { "type": "Point", "coordinates": [ 138.366857999461189, 34.988431997850647 ] } },
{ "type": "Feature", "properties": { "P29_001": "22102", "P29_002": "B122210001815", "P29_003": "16001", "P29_004": "静岡市立中田小学校", "P29_005": "静岡県静岡市駿河区中田2-14-1", "P29_006": "3", "P29_007": "1", "P29_008": "00", "P29_009": null }, "geometry": { "type": "Point", "coordinates": [ 138.392606640456705, 34.963697490676353 ] } },
{ "type": "Feature", "properties": { "P29_001": "22102", "P29_002": "B122210001824", "P29_003": "16001", "P29_004": "静岡市立中島小学校", "P29_005": "静岡県静岡市駿河区中島2992-1", "P29_006": "3", "P29_007": "1", "P29_008": "00", "P29_009": null }, "geometry": { "type": "Point", "coordinates": [ 138.399674006524577, 34.941166594351763 ] } },
{ "type": "Feature", "properties": { "P29_001": "22102", "P29_002": "B122210001833", "P29_003": "16001", "P29_004": "静岡市立東豊田小学校", "P29_005": "静岡県静岡市駿河区池田491-2", "P29_006": "3", "P29_007": "1", "P29_008": "00", "P29_009": null }, "geometry": { "type": "Point", "coordinates": [ 138.423424025608, 34.98407344380918 ] } },
{ "type": "Feature", "properties": { "P29_001": "22102", "P29_002": "B122210001842", "P29_003": "16001", "P29_004": "静岡市立西豊田小学校", "P29_005": "静岡県静岡市駿河区曲金2-8-80", "P29_006": "3", "P29_007": "1", "P29_008": "00", "P29_009": null }, "geometry": { "type": "Point", "coordinates": [ 138.406978149226205, 34.97822277617194 ] } },
{ "type": "Feature", "properties": { "P29_001": "22101", "P29_002": "B122210001851", "P29_003": "16001", "P29_004": "静岡市立安東小学校", "P29_005": "静岡県静岡市葵区安東3-16-1", "P29_006": "3", "P29_007": "1", "P29_008": "00", "P29_009": null }, "geometry": { "type": "Point", "coordinates": [ 138.383480009398227, 34.991725593618789 ] } },
{ "type": "Feature", "properties": { "P29_001": "22102", "P29_002": "B122210001860", "P29_003": "16001", "P29_004": "静岡市立大里東小学校", "P29_005": "静岡県静岡市駿河区高松2310", "P29_006": "3", "P29_007": "1", "P29_008": "00", "P29_009": null }, "geometry": { "type": "Point", "coordinates": [ 138.418943110767145, 34.94637705534349 ] } },
{ "type": "Feature", "properties": { "P29_001": "22102", "P29_002": "B122210001879", "P29_003": "16001", "P29_004": "静岡市立大里西小学校", "P29_005": "静岡県静岡市駿河区中原400", "P29_006": "3", "P29_007": "1", "P29_008": "00", "P29_009": null }, "geometry": { "type": "Point", "coordinates": [ 138.386580010598493, 34.957080882864922 ] } },
{ "type": "Feature", "properties": { "P29_001": "22101", "P29_002": "B122210001888", "P29_003": "16001", "P29_004": "静岡市立賤機南小学校", "P29_005": "静岡県静岡市葵区松富3-1-46", "P29_006": "3", "P29_007": "1", "P29_008": "00", "P29_009": null }, "geometry": { "type": "Point", "coordinates": [ 138.374670992305397, 35.014492381024176 ] } },
{ "type": "Feature", "properties": { "P29_001": "22101", "P29_002": "B122210001897", "P29_003": "16001", "P29_004": "静岡市立賤機中小学校", "P29_005": "静岡県静岡市葵区牛妻2095-2", "P29_006": "3", "P29_007": "1", "P29_008": "00", "P29_009": null }, "geometry": { "type": "Point", "coordinates": [ 138.370234838231767, 35.064169725537425 ] } },
{ "type": "Feature", "properties": { "P29_001": "22101", "P29_002": "B122210001904", "P29_003": "16001", "P29_004": "静岡市立賤機北小学校", "P29_005": "静岡県静岡市葵区俵沢234-1", "P29_006": "3", "P29_007": "1", "P29_008": "00", "P29_009": null }, "geometry": { "type": "Point", "coordinates": [ 138.367551914437428, 35.108270002691967 ] } },
{ "type": "Feature", "properties": { "P29_001": "22101", "P29_002": "B122210001913", "P29_003": "16001", "P29_004": "静岡市立千代田小学校", "P29_005": "静岡県静岡市葵区沓谷5-47-1", "P29_006": "3", "P29_007": "1", "P29_008": "00", "P29_009": null }, "geometry": { "type": "Point", "coordinates": [ 138.406705810109969, 34.99604612362598 ] } },
{ "type": "Feature", "properties": { "P29_001": "22101", "P29_002": "B122210001922", "P29_003": "16001", "P29_004": "静岡市立麻機小学校", "P29_005": "静岡県静岡市葵区有永町2-43", "P29_006": "3", "P29_007": "1", "P29_008": "00", "P29_009": null }, "geometry": { "type": "Point", "coordinates": [ 138.389587735339376, 35.025680902700699 ] } },
{ "type": "Feature", "properties": { "P29_001": "22102", "P29_002": "B122210001931", "P29_003": "16001", "P29_004": "静岡市立大谷小学校", "P29_005": "静岡県静岡市駿河区大谷3683-2", "P29_006": "3", "P29_007": "1", "P29_008": "00", "P29_009": null }, "geometry": { "type": "Point", "coordinates": [ 138.429499619928436, 34.95487159618483 ] } },
{ "type": "Feature", "properties": { "P29_001": "22102", "P29_002": "B122210001940", "P29_003": "16001", "P29_004": "静岡市立久能小学校", "P29_005": "静岡県静岡市駿河区古宿213-2", "P29_006": "3", "P29_007": "1", "P29_008": "00", "P29_009": null }, "geometry": { "type": "Point", "coordinates": [ 138.456553233577893, 34.957882641871784 ] } },
{ "type": "Feature", "properties": { "P29_001": "22102", "P29_002": "B122210001959", "P29_003": "16001", "P29_004": "静岡市立長田西小学校", "P29_005": "静岡県静岡市駿河区丸子6-15-65", "P29_006": "3", "P29_007": "1", "P29_008": "00", "P29_009": null }, "geometry": { "type": "Point", "coordinates": [ 138.350233392056396, 34.94642595326571 ] } },
{ "type": "Feature", "properties": { "P29_001": "22102", "P29_002": "B122210001968", "P29_003": "16001", "P29_004": "静岡市立長田南小学校", "P29_005": "静岡県静岡市駿河区広野4-7-1", "P29_006": "3", "P29_007": "1", "P29_008": "00", "P29_009": null }, "geometry": { "type": "Point", "coordinates": [ 138.369666600879327, 34.927860537685561 ] } },
{ "type": "Feature", "properties": { "P29_001": "22101", "P29_002": "B122210001977", "P29_003": "16001", "P29_004": "静岡市立西奈小学校", "P29_005": "静岡県静岡市葵区瀬名3-23-1", "P29_006": "3", "P29_007": "1", "P29_008": "00", "P29_009": null }, "geometry": { "type": "Point", "coordinates": [ 138.422109070867521, 35.023409902284484 ] } },
{ "type": "Feature", "properties": { "P29_001": "22102", "P29_002": "B122210001986", "P29_003": "16001", "P29_004": "静岡市立富士見小学校", "P29_005": "静岡県静岡市駿河区登呂1-1-1", "P29_006": "3", "P29_007": "1", "P29_008": "00", "P29_009": null }, "geometry": { "type": "Point", "coordinates": [ 138.409990750451612, 34.960728665969839 ] } },
{ "type": "Feature", "properties": { "P29_001": "22101", "P29_002": "B122210001995", "P29_003": "16001", "P29_004": "静岡市立竜南小学校", "P29_005": "静岡県静岡市葵区竜南1-23-1", "P29_006": "3", "P29_007": "1", "P29_008": "00", "P29_009": null }, "geometry": { "type": "Point", "coordinates": [ 138.39647265640977, 34.999220566524073 ] } },
{ "type": "Feature", "properties": { "P29_001": "22101", "P29_002": "B122210002002", "P29_003": "16001", "P29_004": "静岡市立松野小学校", "P29_005": "静岡県静岡市葵区松野598-2", "P29_006": "3", "P29_007": "1", "P29_008": "00", "P29_009": null }, "geometry": { "type": "Point", "coordinates": [ 138.367377715661576, 35.076670547259759 ] } },
{ "type": "Feature", "properties": { "P29_001": "22101", "P29_002": "B122210002011", "P29_003": "16001", "P29_004": "静岡市立安倍口小学校", "P29_005": "静岡県静岡市葵区安倍口新田50", "P29_006": "3", "P29_007": "1", "P29_008": "00", "P29_009": null }, "geometry": { "type": "Point", "coordinates": [ 138.359880599037297, 35.022340505634858 ] } },
{ "type": "Feature", "properties": { "P29_001": "22101", "P29_002": "B122210002020", "P29_003": "16001", "P29_004": "静岡市立足久保小学校", "P29_005": "静岡県静岡市葵区足久保口組3276-2", "P29_006": "3", "P29_007": "1", "P29_008": "00", "P29_009": null }, "geometry": { "type": "Point", "coordinates": [ 138.367868314710108, 35.043750232865094 ] } },
{ "type": "Feature", "properties": { "P29_001": "22101", "P29_002": "B122210002039", "P29_003": "16001", "P29_004": "静岡市立服織小学校", "P29_005": "静岡県静岡市葵区羽鳥6-9-1", "P29_006": "3", "P29_007": "1", "P29_008": "00", "P29_009": null }, "geometry": { "type": "Point", "coordinates": [ 138.336375004637745, 34.985647996742287 ] } },
{ "type": "Feature", "properties": { "P29_001": "22101", "P29_002": "B122210002048", "P29_003": "16001", "P29_004": "静岡市立服織西小学校", "P29_005": "静岡県静岡市葵区新間759-1-1", "P29_006": "3", "P29_007": "1", "P29_008": "00", "P29_009": null }, "geometry": { "type": "Point", "coordinates": [ 138.307657810247747, 34.994392157869918 ] } },
{ "type": "Feature", "properties": { "P29_001": "22101", "P29_002": "B122210002057", "P29_003": "16001", "P29_004": "静岡市立中藁科小学校", "P29_005": "静岡県静岡市葵区大原942-1", "P29_006": "3", "P29_007": "1", "P29_008": "00", "P29_009": null }, "geometry": { "type": "Point", "coordinates": [ 138.276128294452349, 35.0097462366789 ] } },
{ "type": "Feature", "properties": { "P29_001": "22101", "P29_002": "B122210002066", "P29_003": "16001", "P29_004": "静岡市立水見色小学校", "P29_005": "静岡県静岡市葵区水見色1040-3", "P29_006": "3", "P29_007": "1", "P29_008": "00", "P29_009": null }, "geometry": { "type": "Point", "coordinates": [ 138.294515003325614, 35.038386961944987 ] } },
{ "type": "Feature", "properties": { "P29_001": "22101", "P29_002": "B122210002075", "P29_003": "16001", "P29_004": "静岡市立南藁科小学校", "P29_005": "静岡県静岡市葵区吉津400", "P29_006": "3", "P29_007": "1", "P29_008": "00", "P29_009": null }, "geometry": { "type": "Point", "coordinates": [ 138.315239426860074, 34.979448867565992 ] } },
{ "type": "Feature", "properties": { "P29_001": "22101", "P29_002": "B122210002084", "P29_003": "16001", "P29_004": "静岡市立中藁科小学校小布杉分校", "P29_005": "静岡県静岡市葵区小布杉1756-1", "P29_006": "3", "P29_007": "9", "P29_008": "00", "P29_009": null }, "geometry": { "type": "Point", "coordinates": [ 138.243482383398515, 34.998447470668587 ] } },
{ "type": "Feature", "properties": { "P29_001": "22102", "P29_002": "B122210002093", "P29_003": "16001", "P29_004": "静岡市立南部小学校", "P29_005": "静岡県静岡市駿河区南八幡町11-1", "P29_006": "3", "P29_007": "1", "P29_008": "00", "P29_009": null }, "geometry": { "type": "Point", "coordinates": [ 138.403174112744978, 34.962458572383319 ] } },
{ "type": "Feature", "properties": { "P29_001": "22102", "P29_002": "B122210002100", "P29_003": "16001", "P29_004": "静岡市立長田東小学校", "P29_005": "静岡県静岡市駿河区東新田3-10-1", "P29_006": "3", "P29_007": "1", "P29_008": "00", "P29_009": null }, "geometry": { "type": "Point", "coordinates": [ 138.372736243859066, 34.946084372623822 ] } },
{ "type": "Feature", "properties": { "P29_001": "22101", "P29_002": "B122210002119", "P29_003": "16001", "P29_004": "静岡市立井宮北小学校", "P29_005": "静岡県静岡市葵区上伝馬2-1", "P29_006": "3", "P29_007": "1", "P29_008": "00", "P29_009": null }, "geometry": { "type": "Point", "coordinates": [ 138.36884757594953, 35.004785174856551 ] } },
{ "type": "Feature", "properties": { "P29_001": "22101", "P29_002": "B122210002128", "P29_003": "16001", "P29_004": "静岡市立千代田東小学校", "P29_005": "静岡県静岡市葵区川合3-4-1", "P29_006": "3", "P29_007": "1", "P29_008": "00", "P29_009": null }, "geometry": { "type": "Point", "coordinates": [ 138.413884486288055, 35.005826390932612 ] } },
{ "type": "Feature", "properties": { "P29_001": "22102", "P29_002": "B122210002137", "P29_003": "16001", "P29_004": "静岡市立長田北小学校", "P29_005": "静岡県静岡市駿河区向敷地1-10-28", "P29_006": "3", "P29_007": "1", "P29_008": "00", "P29_009": null }, "geometry": { "type": "Point", "coordinates": [ 138.358669823683783, 34.962377041273392 ] } },
{ "type": "Feature", "properties": { "P29_001": "22101", "P29_002": "B122210002146", "P29_003": "16001", "P29_004": "静岡市立西奈南小学校", "P29_005": "静岡県静岡市葵区南瀬名町1-20", "P29_006": "3", "P29_007": "1", "P29_008": "00", "P29_009": null }, "geometry": { "type": "Point", "coordinates": [ 138.422643852061128, 35.00222934968059 ] } },
{ "type": "Feature", "properties": { "P29_001": "22102", "P29_002": "B122210002155", "P29_003": "16001", "P29_004": "静岡市立川原小学校", "P29_005": "静岡県静岡市駿河区下川原4-14-1", "P29_006": "3", "P29_007": "1", "P29_008": "00", "P29_009": null }, "geometry": { "type": "Point", "coordinates": [ 138.383015785168539, 34.937187090447068 ] } },
{ "type": "Feature", "properties": { "P29_001": "22103", "P29_002": "B122210002164", "P29_003": "16001", "P29_004": "静岡市立清水辻小学校", "P29_005": "静岡県静岡市清水区辻4-3-40", "P29_006": "3", "P29_007": "1", "P29_008": "00", "P29_009": null }, "geometry": { "type": "Point", "coordinates": [ 138.484862630087036, 35.026740265169011 ] } },
{ "type": "Feature", "properties": { "P29_001": "22103", "P29_002": "B122210002173", "P29_003": "16001", "P29_004": "静岡市立清水江尻小学校", "P29_005": "静岡県静岡市清水区江尻町14-63", "P29_006": "3", "P29_007": "1", "P29_008": "00", "P29_009": null }, "geometry": { "type": "Point", "coordinates": [ 138.479983569128166, 35.021219690918926 ] } },
{ "type": "Feature", "properties": { "P29_001": "22103", "P29_002": "B122210002182", "P29_003": "16001", "P29_004": "静岡市立清水入江小学校", "P29_005": "静岡県静岡市清水区追分2-3-1", "P29_006": "3", "P29_007": "1", "P29_008": "00", "P29_009": null }, "geometry": { "type": "Point", "coordinates": [ 138.473673878963069, 35.014363448101534 ] } },
{ "type": "Feature", "properties": { "P29_001": "22103", "P29_002": "B122210002191", "P29_003": "16001", "P29_004": "静岡市立清水岡小学校", "P29_005": "静岡県静岡市清水区神田町4-3", "P29_006": "3", "P29_007": "1", "P29_008": "00", "P29_009": null }, "geometry": { "type": "Point", "coordinates": [ 138.480612354095939, 35.007575951751839 ] } },
{ "type": "Feature", "properties": { "P29_001": "22103", "P29_002": "B122210002208", "P29_003": "16001", "P29_004": "静岡市立清水小学校", "P29_005": "静岡県静岡市清水区松井町15-1", "P29_006": "3", "P29_007": "1", "P29_008": "00", "P29_009": null }, "geometry": { "type": "Point", "coordinates": [ 138.49035593208788, 35.002692704139932 ] } },
{ "type": "Feature", "properties": { "P29_001": "22103", "P29_002": "B122210002217", "P29_003": "16001", "P29_004": "静岡市立清水不二見小学校", "P29_005": "静岡県静岡市清水区新緑町2-21", "P29_006": "3", "P29_007": "1", "P29_008": "00", "P29_009": null }, "geometry": { "type": "Point", "coordinates": [ 138.489202586188441, 34.99549457308818 ] } },
{ "type": "Feature", "properties": { "P29_001": "22103", "P29_002": "B122210002226", "P29_003": "16001", "P29_004": "静岡市立清水駒越小学校", "P29_005": "静岡県静岡市清水区駒越東町2-20", "P29_006": "3", "P29_007": "1", "P29_008": "00", "P29_009": null }, "geometry": { "type": "Point", "coordinates": [ 138.50184536287, 34.981878814109145 ] } },
{ "type": "Feature", "properties": { "P29_001": "22103", "P29_002": "B122210002235", "P29_003": "16001", "P29_004": "静岡市立清水三保第一小学校", "P29_005": "静岡県静岡市清水区三保1069-1", "P29_006": "3", "P29_007": "1", "P29_008": "00", "P29_009": null }, "geometry": { "type": "Point", "coordinates": [ 138.522081526238395, 35.001087812378543 ] } },
{ "type": "Feature", "properties": { "P29_001": "22103", "P29_002": "B122210002244", "P29_003": "16001", "P29_004": "静岡市立清水浜田小学校", "P29_005": "静岡県静岡市清水区浜田町11-1", "P29_006": "3", "P29_007": "1", "P29_008": "00", "P29_009": null }, "geometry": { "type": "Point", "coordinates": [ 138.483148569259924, 35.013349883549679 ] } },
{ "type": "Feature", "properties": { "P29_001": "22103", "P29_002": "B122210002253", "P29_003": "16001", "P29_004": "静岡市立清水飯田小学校", "P29_005": "静岡県静岡市清水区下野中2-40", "P29_006": "3", "P29_007": "1", "P29_008": "00", "P29_009": null }, "geometry": { "type": "Point", "coordinates": [ 138.469217773800153, 35.035073963073039 ] } },
{ "type": "Feature", "properties": { "P29_001": "22103", "P29_002": "B122210002262", "P29_003": "16001", "P29_004": "静岡市立清水高部小学校", "P29_005": "静岡県静岡市清水区押切1115-2", "P29_006": "3", "P29_007": "1", "P29_008": "00", "P29_009": null }, "geometry": { "type": "Point", "coordinates": [ 138.450086171381287, 35.029639645704449 ] } },
{ "type": "Feature", "properties": { "P29_001": "22103", "P29_002": "B122210002271", "P29_003": "16001", "P29_004": "静岡市立清水有度第一小学校", "P29_005": "静岡県静岡市清水区有度本町3-1", "P29_006": "3", "P29_007": "1", "P29_008": "00", "P29_009": null }, "geometry": { "type": "Point", "coordinates": [ 138.453072059995435, 35.007359765500432 ] } },
{ "type": "Feature", "properties": { "P29_001": "22103", "P29_002": "B122210002280", "P29_003": "16001", "P29_004": "静岡市立清水袖師小学校", "P29_005": "静岡県静岡市清水区袖師町420", "P29_006": "3", "P29_007": "1", "P29_008": "00", "P29_009": null }, "geometry": { "type": "Point", "coordinates": [ 138.489457003165455, 35.035484998010055 ] } },
{ "type": "Feature", "properties": { "P29_001": "22103", "P29_002": "B122210002299", "P29_003": "16001", "P29_004": "静岡市立清水庵原小学校", "P29_005": "静岡県静岡市清水区庵原町1723", "P29_006": "3", "P29_007": "1", "P29_008": "00", "P29_009": null }, "geometry": { "type": "Point", "coordinates": [ 138.47524478684366, 35.052065902691155 ] } },
{ "type": "Feature", "properties": { "P29_001": "22103", "P29_002": "B122210002306", "P29_003": "16001", "P29_004": "静岡市立清水興津小学校", "P29_005": "静岡県静岡市清水区興津中町350-1", "P29_006": "3", "P29_007": "1", "P29_008": "00", "P29_009": null }, "geometry": { "type": "Point", "coordinates": [ 138.525967609555551, 35.054480083157422 ] } },
{ "type": "Feature", "properties": { "P29_001": "22103", "P29_002": "B122210002315", "P29_003": "16001", "P29_004": "静岡市立清水小島小学校", "P29_005": "静岡県静岡市清水区小島町619", "P29_006": "3", "P29_007": "1", "P29_008": "00", "P29_009": null }, "geometry": { "type": "Point", "coordinates": [ 138.515223518790179, 35.091894296419333 ] } },
{ "type": "Feature", "properties": { "P29_001": "22103", "P29_002": "B122210002324", "P29_003": "16001", "P29_004": "静岡市立清水小河内小学校", "P29_005": "静岡県静岡市清水区小河内2723", "P29_006": "3", "P29_007": "1", "P29_008": "00", "P29_009": null }, "geometry": { "type": "Point", "coordinates": [ 138.511711576675765, 35.120952916294968 ] } },
{ "type": "Feature", "properties": { "P29_001": "22103", "P29_002": "B122210002333", "P29_003": "16001", "P29_004": "静岡市立清水宍原小学校", "P29_005": "静岡県静岡市清水区宍原919", "P29_006": "3", "P29_007": "1", "P29_008": "00", "P29_009": null }, "geometry": { "type": "Point", "coordinates": [ 138.518505823410862, 35.159983597405876 ] } },
{ "type": "Feature", "properties": { "P29_001": "22103", "P29_002": "B122210002379", "P29_003": "16001", "P29_004": "静岡市立清水有度第二小学校", "P29_005": "静岡県静岡市清水区草薙杉道3-19-1", "P29_006": "3", "P29_007": "1", "P29_008": "00", "P29_009": null }, "geometry": { "type": "Point", "coordinates": [ 138.450765953434427, 35.001191520075707 ] } },
{ "type": "Feature", "properties": { "P29_001": "22103", "P29_002": "B122210002388", "P29_003": "16001", "P29_004": "静岡市立清水三保第二小学校", "P29_005": "静岡県静岡市清水区折戸5-8-2", "P29_006": "3", "P29_007": "1", "P29_008": "00", "P29_009": null }, "geometry": { "type": "Point", "coordinates": [ 138.516692350114425, 34.990990179816301 ] } },
{ "type": "Feature", "properties": { "P29_001": "22103", "P29_002": "B122210002397", "P29_003": "16001", "P29_004": "静岡市立清水船越小学校", "P29_005": "静岡県静岡市清水区船越3-15-1", "P29_006": "3", "P29_007": "1", "P29_008": "00", "P29_009": null }, "geometry": { "type": "Point", "coordinates": [ 138.471755550319386, 34.99818799875387 ] } },
{ "type": "Feature", "properties": { "P29_001": "22103", "P29_002": "B122210002404", "P29_003": "16001", "P29_004": "静岡市立清水飯田東小学校", "P29_005": "静岡県静岡市清水区八坂北1-23-40", "P29_006": "3", "P29_007": "1", "P29_008": "00", "P29_009": null }, "geometry": { "type": "Point", "coordinates": [ 138.473051372648428, 35.034994851184756 ] } },
{ "type": "Feature", "properties": { "P29_001": "22103", "P29_002": "B122210002413", "P29_003": "16001", "P29_004": "静岡市立清水高部東小学校", "P29_005": "静岡県静岡市清水区押切1907", "P29_006": "3", "P29_007": "1", "P29_008": "00", "P29_009": null }, "geometry": { "type": "Point", "coordinates": [ 138.455788663438, 35.03497332777274 ] } },
{ "type": "Feature", "properties": { "P29_001": "22209", "P29_002": "B122210002422", "P29_003": "16001", "P29_004": "島田市立島田第一小学校", "P29_005": "静岡県島田市稲荷2-19-1", "P29_006": "3", "P29_007": "1", "P29_008": "00", "P29_009": null }, "geometry": { "type": "Point", "coordinates": [ 138.152898535013946, 34.8400677385183 ] } },
{ "type": "Feature", "properties": { "P29_001": "22209", "P29_002": "B122210002431", "P29_003": "16001", "P29_004": "島田市立島田第二小学校", "P29_005": "静岡県島田市中溝町2372", "P29_006": "3", "P29_007": "1", "P29_008": "00", "P29_009": null }, "geometry": { "type": "Point", "coordinates": [ 138.169417931721824, 34.836886224629922 ] } },
{ "type": "Feature", "properties": { "P29_001": "22209", "P29_002": "B122210002440", "P29_003": "16001", "P29_004": "島田市立島田第三小学校", "P29_005": "静岡県島田市南1-10-1", "P29_006": "3", "P29_007": "1", "P29_008": "00", "P29_009": null }, "geometry": { "type": "Point", "coordinates": [ 138.179034710635307, 34.826431120836247 ] } },
{ "type": "Feature", "properties": { "P29_001": "22209", "P29_002": "B122210002459", "P29_003": "16001", "P29_004": "島田市立島田第四小学校", "P29_005": "静岡県島田市中河町201", "P29_006": "3", "P29_007": "1", "P29_008": "00", "P29_009": null }, "geometry": { "type": "Point", "coordinates": [ 138.178769023440367, 34.842295839121405 ] } },
{ "type": "Feature", "properties": { "P29_001": "22209", "P29_002": "B122210002468", "P29_003": "16001", "P29_004": "島田市立六合小学校", "P29_005": "静岡県島田市道悦5-13-1", "P29_006": "3", "P29_007": "1", "P29_008": "00", "P29_009": null }, "geometry": { "type": "Point", "coordinates": [ 138.210185593104143, 34.835583490055946 ] } },
{ "type": "Feature", "properties": { "P29_001": "22209", "P29_002": "B122210002477", "P29_003": "16001", "P29_004": "島田市立大津小学校", "P29_005": "静岡県島田市落合160-1", "P29_006": "3", "P29_007": "1", "P29_008": "00", "P29_009": null }, "geometry": { "type": "Point", "coordinates": [ 138.180958769386905, 34.855192498819257 ] } },
{ "type": "Feature", "properties": { "P29_001": "22209", "P29_002": "B122210002486", "P29_003": "16001", "P29_004": "島田市立伊太小学校", "P29_005": "静岡県島田市伊太1314", "P29_006": "3", "P29_007": "1", "P29_008": "00", "P29_009": null }, "geometry": { "type": "Point", "coordinates": [ 138.151978720643854, 34.848886293191114 ] } },
{ "type": "Feature", "properties": { "P29_001": "22209", "P29_002": "B122210002495", "P29_003": "16001", "P29_004": "島田市立相賀小学校", "P29_005": "静岡県島田市相賀875", "P29_006": "3", "P29_007": "1", "P29_008": "00", "P29_009": null }, "geometry": { "type": "Point", "coordinates": [ 138.134674204704197, 34.872993767873119 ] } },
{ "type": "Feature", "properties": { "P29_001": "22209", "P29_002": "B122210002501", "P29_003": "16001", "P29_004": "島田市立神座小学校", "P29_005": "静岡県島田市神座1444", "P29_006": "3", "P29_007": "1", "P29_008": "00", "P29_009": null }, "geometry": { "type": "Point", "coordinates": [ 138.108162813053809, 34.874190001094426 ] } },
{ "type": "Feature", "properties": { "P29_001": "22209", "P29_002": "B122210002510", "P29_003": "16001", "P29_004": "島田市立伊久美小学校", "P29_005": "静岡県島田市伊久美3690-1", "P29_006": "3", "P29_007": "1", "P29_008": "00", "P29_009": null }, "geometry": { "type": "Point", "coordinates": [ 138.141058147544044, 34.928585557630683 ] } },
{ "type": "Feature", "properties": { "P29_001": "22209", "P29_002": "B122210002529", "P29_003": "16001", "P29_004": "島田市立初倉小学校", "P29_005": "静岡県島田市阪本1331", "P29_006": "3", "P29_007": "1", "P29_008": "00", "P29_009": null }, "geometry": { "type": "Point", "coordinates": [ 138.22317033865852, 34.806114867590168 ] } },
{ "type": "Feature", "properties": { "P29_001": "22209", "P29_002": "B122210002547", "P29_003": "16001", "P29_004": "島田市立島田第五小学校", "P29_005": "静岡県島田市旭2-25-1", "P29_006": "3", "P29_007": "1", "P29_008": "00", "P29_009": null }, "geometry": { "type": "Point", "coordinates": [ 138.197409054692145, 34.830984941870234 ] } },
{ "type": "Feature", "properties": { "P29_001": "22209", "P29_002": "B122210002556", "P29_003": "16001", "P29_004": "島田市立初倉南小学校", "P29_005": "静岡県島田市南原10", "P29_006": "3", "P29_007": "1", "P29_008": "00", "P29_009": null }, "geometry": { "type": "Point", "coordinates": [ 138.224892813229332, 34.797147501360158 ] } },
{ "type": "Feature", "properties": { "P29_001": "22209", "P29_002": "B122210002565", "P29_003": "16001", "P29_004": "島田市立六合東小学校", "P29_005": "静岡県島田市東町1200", "P29_006": "3", "P29_007": "1", "P29_008": "00", "P29_009": null }, "geometry": { "type": "Point", "coordinates": [ 138.221969195537355, 34.834587966454009 ] } },
{ "type": "Feature", "properties": { "P29_001": "22212", "P29_002": "B122210002574", "P29_003": "16001", "P29_004": "焼津市立焼津東小学校", "P29_005": "静岡県焼津市栄町5-14-1", "P29_006": "3", "P29_007": "1", "P29_008": "00", "P29_009": null }, "geometry": { "type": "Point", "coordinates": [ 138.318280999594293, 34.867945000011836 ] } },
{ "type": "Feature", "properties": { "P29_001": "22212", "P29_002": "B122210002583", "P29_003": "16001", "P29_004": "焼津市立焼津西小学校", "P29_005": "静岡県焼津市塩津117-1", "P29_006": "3", "P29_007": "1", "P29_008": "00", "P29_009": null }, "geometry": { "type": "Point", "coordinates": [ 138.310014344029071, 34.866011339306489 ] } },
{ "type": "Feature", "properties": { "P29_001": "22212", "P29_002": "B122210002592", "P29_003": "16001", "P29_004": "焼津市立焼津南小学校", "P29_005": "静岡県焼津市焼津5-5-1", "P29_006": "3", "P29_007": "1", "P29_008": "00", "P29_009": null }, "geometry": { "type": "Point", "coordinates": [ 138.316888908021042, 34.860917834528649 ] } },
{ "type": "Feature", "properties": { "P29_001": "22212", "P29_002": "B122210002609", "P29_003": "16001", "P29_004": "焼津市立豊田小学校", "P29_005": "静岡県焼津市五ケ堀之内2", "P29_006": "3", "P29_007": "1", "P29_008": "00", "P29_009": null }, "geometry": { "type": "Point", "coordinates": [ 138.290330610808724, 34.863464110695418 ] } },
{ "type": "Feature", "properties": { "P29_001": "22212", "P29_002": "B122210002618", "P29_003": "16001", "P29_004": "焼津市立小川小学校", "P29_005": "静岡県焼津市小川2525", "P29_006": "3", "P29_007": "1", "P29_008": "00", "P29_009": null }, "geometry": { "type": "Point", "coordinates": [ 138.316149911221856, 34.8498189993295 ] } },
{ "type": "Feature", "properties": { "P29_001": "22212", "P29_002": "B122210002627", "P29_003": "16001", "P29_004": "焼津市立東益津小学校", "P29_005": "静岡県焼津市石脇上65", "P29_006": "3", "P29_007": "1", "P29_008": "00", "P29_009": null }, "geometry": { "type": "Point", "coordinates": [ 138.319876007458049, 34.886796903778695 ] } },
{ "type": "Feature", "properties": { "P29_001": "22212", "P29_002": "B122210002636", "P29_003": "16001", "P29_004": "焼津市立大富小学校", "P29_005": "静岡県焼津市中根新田637", "P29_006": "3", "P29_007": "1", "P29_008": "00", "P29_009": null }, "geometry": { "type": "Point", "coordinates": [ 138.294644239941135, 34.834148381087161 ] } },
{ "type": "Feature", "properties": { "P29_001": "22212", "P29_002": "B122210002645", "P29_003": "16001", "P29_004": "焼津市立和田小学校", "P29_005": "静岡県焼津市田尻541", "P29_006": "3", "P29_007": "1", "P29_008": "00", "P29_009": null }, "geometry": { "type": "Point", "coordinates": [ 138.320954867046197, 34.827564909078404 ] } },
{ "type": "Feature", "properties": { "P29_001": "22212", "P29_002": "B122210002654", "P29_003": "16001", "P29_004": "焼津市立港小学校", "P29_005": "静岡県焼津市石津港町40-2", "P29_006": "3", "P29_007": "1", "P29_008": "00", "P29_009": null }, "geometry": { "type": "Point", "coordinates": [ 138.326947676383725, 34.841011649878624 ] } },
{ "type": "Feature", "properties": { "P29_001": "22212", "P29_002": "B122210002663", "P29_003": "16001", "P29_004": "焼津市立黒石小学校", "P29_005": "静岡県焼津市大住1246", "P29_006": "3", "P29_007": "1", "P29_008": "00", "P29_009": null }, "geometry": { "type": "Point", "coordinates": [ 138.300644999647261, 34.850725000064358 ] } },
{ "type": "Feature", "properties": { "P29_001": "22213", "P29_002": "B122210002672", "P29_003": "16001", "P29_004": "掛川市立日坂小学校", "P29_005": "静岡県掛川市大野3-1", "P29_006": "3", "P29_007": "1", "P29_008": "00", "P29_009": null }, "geometry": { "type": "Point", "coordinates": [ 138.073036555359465, 34.802691173604551 ] } },
{ "type": "Feature", "properties": { "P29_001": "22213", "P29_002": "B122210002681", "P29_003": "16001", "P29_004": "掛川市立東山口小学校", "P29_005": "静岡県掛川市逆川1012-1", "P29_006": "3", "P29_007": "1", "P29_008": "00", "P29_009": null }, "geometry": { "type": "Point", "coordinates": [ 138.062407031862591, 34.785631237502642 ] } },
{ "type": "Feature", "properties": { "P29_001": "22213", "P29_002": "B122210002690", "P29_003": "16001", "P29_004": "掛川市立西山口小学校", "P29_005": "静岡県掛川市成滝145", "P29_006": "3", "P29_007": "1", "P29_008": "00", "P29_009": null }, "geometry": { "type": "Point", "coordinates": [ 138.036436666455074, 34.778853195658684 ] } },
{ "type": "Feature", "properties": { "P29_001": "22213", "P29_002": "B122210002707", "P29_003": "16001", "P29_004": "掛川市立上内田小学校", "P29_005": "静岡県掛川市上内田3325", "P29_006": "3", "P29_007": "1", "P29_008": "00", "P29_009": null }, "geometry": { "type": "Point", "coordinates": [ 138.042250537633066, 34.74797276940464 ] } },
{ "type": "Feature", "properties": { "P29_001": "22213", "P29_002": "B122210002716", "P29_003": "16001", "P29_004": "掛川市立第一小学校", "P29_005": "静岡県掛川市掛川1108-1", "P29_006": "3", "P29_007": "1", "P29_008": "00", "P29_009": null }, "geometry": { "type": "Point", "coordinates": [ 138.017189331442069, 34.776394253760479 ] } },
{ "type": "Feature", "properties": { "P29_001": "22213", "P29_002": "B122210002725", "P29_003": "16001", "P29_004": "掛川市立第二小学校", "P29_005": "静岡県掛川市大池438-1", "P29_006": "3", "P29_007": "1", "P29_008": "00", "P29_009": null }, "geometry": { "type": "Point", "coordinates": [ 137.994148990535194, 34.774493972671756 ] } },
{ "type": "Feature", "properties": { "P29_001": "22213", "P29_002": "B122210002734", "P29_003": "16001", "P29_004": "掛川市立中央小学校", "P29_005": "静岡県掛川市下俣633", "P29_006": "3", "P29_007": "1", "P29_008": "00", "P29_009": null }, "geometry": { "type": "Point", "coordinates": [ 138.005286968968903, 34.770330844053603 ] } },
{ "type": "Feature", "properties": { "P29_001": "22213", "P29_002": "B122210002743", "P29_003": "16001", "P29_004": "掛川市立曽我小学校", "P29_005": "静岡県掛川市領家384", "P29_006": "3", "P29_007": "1", "P29_008": "00", "P29_009": null }, "geometry": { "type": "Point", "coordinates": [ 137.976061401610508, 34.763469773262884 ] } },
{ "type": "Feature", "properties": { "P29_001": "22213", "P29_002": "B122210002752", "P29_003": "16001", "P29_004": "掛川市立桜木小学校", "P29_005": "静岡県掛川市下垂木1472-1", "P29_006": "3", "P29_007": "1", "P29_008": "00", "P29_009": null }, "geometry": { "type": "Point", "coordinates": [ 137.985835453302855, 34.794542827685333 ] } },
{ "type": "Feature", "properties": { "P29_001": "22213", "P29_002": "B122210002761", "P29_003": "16001", "P29_004": "掛川市立和田岡小学校", "P29_005": "静岡県掛川市吉岡639-2", "P29_006": "3", "P29_007": "1", "P29_008": "00", "P29_009": null }, "geometry": { "type": "Point", "coordinates": [ 137.955554435751878, 34.784611774270473 ] } },
{ "type": "Feature", "properties": { "P29_001": "22213", "P29_002": "B122210002770", "P29_003": "16001", "P29_004": "掛川市立原谷小学校", "P29_005": "静岡県掛川市本郷561-1", "P29_006": "3", "P29_007": "1", "P29_008": "00", "P29_009": null }, "geometry": { "type": "Point", "coordinates": [ 137.954448543714818, 34.806392200107993 ] } },
{ "type": "Feature", "properties": { "P29_001": "22213", "P29_002": "B122210002789", "P29_003": "16001", "P29_004": "掛川市立原田小学校", "P29_005": "静岡県掛川市原里1623-1", "P29_006": "3", "P29_007": "1", "P29_008": "00", "P29_009": null }, "geometry": { "type": "Point", "coordinates": [ 137.966889117168279, 34.839127773726069 ] } },
{ "type": "Feature", "properties": { "P29_001": "22213", "P29_002": "B122210002798", "P29_003": "16001", "P29_004": "掛川市立西郷小学校", "P29_005": "静岡県掛川市上西郷2606-2", "P29_006": "3", "P29_007": "1", "P29_008": "00", "P29_009": null }, "geometry": { "type": "Point", "coordinates": [ 138.012993687568155, 34.806267169366819 ] } },
{ "type": "Feature", "properties": { "P29_001": "22213", "P29_002": "B122210002805", "P29_003": "16001", "P29_004": "掛川市立倉真小学校", "P29_005": "静岡県掛川市倉真3774", "P29_006": "3", "P29_007": "1", "P29_008": "00", "P29_009": null }, "geometry": { "type": "Point", "coordinates": [ 138.035683079002894, 34.817039852313414 ] } },
{ "type": "Feature", "properties": { "P29_001": "22213", "P29_002": "B122210002814", "P29_003": "16001", "P29_004": "掛川市立城北小学校", "P29_005": "静岡県掛川市水垂178", "P29_006": "3", "P29_007": "1", "P29_008": "00", "P29_009": null }, "geometry": { "type": "Point", "coordinates": [ 138.017174086420539, 34.785493439719197 ] } },
{ "type": "Feature", "properties": { "P29_001": "22214", "P29_002": "B122210002823", "P29_003": "16001", "P29_004": "藤枝市立藤枝小学校", "P29_005": "静岡県藤枝市天王町1-1-1", "P29_006": "3", "P29_007": "1", "P29_008": "00", "P29_009": null }, "geometry": { "type": "Point", "coordinates": [ 138.260199364215794, 34.874236481011287 ] } },
{ "type": "Feature", "properties": { "P29_001": "22214", "P29_002": "B122210002832", "P29_003": "16001", "P29_004": "藤枝市立藤枝中央小学校", "P29_005": "静岡県藤枝市原1133", "P29_006": "3", "P29_007": "1", "P29_008": "00", "P29_009": null }, "geometry": { "type": "Point", "coordinates": [ 138.241590201297385, 34.877839706775724 ] } },
{ "type": "Feature", "properties": { "P29_001": "22214", "P29_002": "B122210002841", "P29_003": "16001", "P29_004": "藤枝市立西益津小学校", "P29_005": "静岡県藤枝市田中1-7-20", "P29_006": "3", "P29_007": "1", "P29_008": "00", "P29_009": null }, "geometry": { "type": "Point", "coordinates": [ 138.274613567458374, 34.872204886688536 ] } },
{ "type": "Feature", "properties": { "P29_001": "22214", "P29_002": "B122210002850", "P29_003": "16001", "P29_004": "藤枝市立青島小学校", "P29_005": "静岡県藤枝市下青島10", "P29_006": "3", "P29_007": "1", "P29_008": "00", "P29_009": null }, "geometry": { "type": "Point", "coordinates": [ 138.238152245070381, 34.848772022260377 ] } },
{ "type": "Feature", "properties": { "P29_001": "22214", "P29_002": "B122210002869", "P29_003": "16001", "P29_004": "藤枝市立青島東小学校", "P29_005": "静岡県藤枝市志太5-1-1", "P29_006": "3", "P29_007": "1", "P29_008": "00", "P29_009": null }, "geometry": { "type": "Point", "coordinates": [ 138.254658524006146, 34.859800007014741 ] } },
{ "type": "Feature", "properties": { "P29_001": "22214", "P29_002": "B122210002878", "P29_003": "16001", "P29_004": "藤枝市立葉梨小学校", "P29_005": "静岡県藤枝市下之郷111-1", "P29_006": "3", "P29_007": "1", "P29_008": "00", "P29_009": null }, "geometry": { "type": "Point", "coordinates": [ 138.248352012161291, 34.894600035135426 ] } },
{ "type": "Feature", "properties": { "P29_001": "22214", "P29_002": "B122210002887", "P29_003": "16001", "P29_004": "藤枝市立葉梨西北小学校", "P29_005": "静岡県藤枝市西方1080", "P29_006": "3", "P29_007": "1", "P29_008": "00", "P29_009": null }, "geometry": { "type": "Point", "coordinates": [ 138.235903469663867, 34.925193120490754 ] } },
{ "type": "Feature", "properties": { "P29_001": "22214", "P29_002": "B122210002896", "P29_003": "16001", "P29_004": "藤枝市立高洲小学校", "P29_005": "静岡県藤枝市高柳1315", "P29_006": "3", "P29_007": "1", "P29_008": "00", "P29_009": null }, "geometry": { "type": "Point", "coordinates": [ 138.26995917502822, 34.842992716468039 ] } },
{ "type": "Feature", "properties": { "P29_001": "22214", "P29_002": "B122210002903", "P29_003": "16001", "P29_004": "藤枝市立大洲小学校", "P29_005": "静岡県藤枝市大洲5-20", "P29_006": "3", "P29_007": "1", "P29_008": "00", "P29_009": null }, "geometry": { "type": "Point", "coordinates": [ 138.251223430373244, 34.826505121555179 ] } },
{ "type": "Feature", "properties": { "P29_001": "22214", "P29_002": "B122210002912", "P29_003": "16001", "P29_004": "藤枝市立稲葉小学校", "P29_005": "静岡県藤枝市堀之内2337", "P29_006": "3", "P29_007": "1", "P29_008": "00", "P29_009": null }, "geometry": { "type": "Point", "coordinates": [ 138.218029702188687, 34.881843676127232 ] } },
{ "type": "Feature", "properties": { "P29_001": "22214", "P29_002": "B122210002921", "P29_003": "16001", "P29_004": "藤枝市立広幡小学校", "P29_005": "静岡県藤枝市鬼島424", "P29_006": "3", "P29_007": "1", "P29_008": "00", "P29_009": null }, "geometry": { "type": "Point", "coordinates": [ 138.282068913421085, 34.890204736723604 ] } },
{ "type": "Feature", "properties": { "P29_001": "22214", "P29_002": "B122210002930", "P29_003": "16001", "P29_004": "藤枝市立瀬戸谷小学校", "P29_005": "静岡県藤枝市本郷872", "P29_006": "3", "P29_007": "1", "P29_008": "00", "P29_009": null }, "geometry": { "type": "Point", "coordinates": [ 138.201441142150685, 34.913452901424662 ] } },
{ "type": "Feature", "properties": { "P29_001": "22214", "P29_002": "B122210002949", "P29_003": "16001", "P29_004": "藤枝市立藤岡小学校", "P29_005": "静岡県藤枝市藤岡3-14-1", "P29_006": "3", "P29_007": "1", "P29_008": "00", "P29_009": null }, "geometry": { "type": "Point", "coordinates": [ 138.266564997963684, 34.887220003354187 ] } },
{ "type": "Feature", "properties": { "P29_001": "22214", "P29_002": "B122210002958", "P29_003": "16001", "P29_004": "藤枝市立高洲南小学校", "P29_005": "静岡県藤枝市高洲37-1", "P29_006": "3", "P29_007": "1", "P29_008": "00", "P29_009": null }, "geometry": { "type": "Point", "coordinates": [ 138.2629963258413, 34.835668442061518 ] } },
{ "type": "Feature", "properties": { "P29_001": "22214", "P29_002": "B122210002967", "P29_003": "16001", "P29_004": "藤枝市立青島北小学校", "P29_005": "静岡県藤枝市南駿河台2-11-1", "P29_006": "3", "P29_007": "1", "P29_008": "00", "P29_009": null }, "geometry": { "type": "Point", "coordinates": [ 138.236974481767703, 34.860198703404635 ] } },
{ "type": "Feature", "properties": { "P29_001": "22210", "P29_002": "B122210002976", "P29_003": "16001", "P29_004": "富士市立富士川第一小学校", "P29_005": "静岡県富士市岩淵107", "P29_006": "3", "P29_007": "1", "P29_008": "00", "P29_009": null }, "geometry": { "type": "Point", "coordinates": [ 138.61761962355115, 35.148570030358371 ] } },
{ "type": "Feature", "properties": { "P29_001": "22210", "P29_002": "B122210002985", "P29_003": "16001", "P29_004": "富士市立富士川第二小学校", "P29_005": "静岡県富士市北松野1963-6", "P29_006": "3", "P29_007": "1", "P29_008": "00", "P29_009": null }, "geometry": { "type": "Point", "coordinates": [ 138.597752288619716, 35.184890679787543 ] } },
{ "type": "Feature", "properties": { "P29_001": "22103", "P29_002": "B122210002994", "P29_003": "16001", "P29_004": "静岡市立蒲原西小学校", "P29_005": "静岡県静岡市清水区蒲原新田2-25-1", "P29_006": "3", "P29_007": "1", "P29_008": "00", "P29_009": null }, "geometry": { "type": "Point", "coordinates": [ 138.595619260552212, 35.119073982586947 ] } },
{ "type": "Feature", "properties": { "P29_001": "22103", "P29_002": "B122210003001", "P29_003": "16001", "P29_004": "静岡市立蒲原東小学校", "P29_005": "静岡県静岡市清水区蒲原666", "P29_006": "3", "P29_007": "1", "P29_008": "00", "P29_009": null }, "geometry": { "type": "Point", "coordinates": [ 138.609226927157465, 35.116998017151346 ] } },
{ "type": "Feature", "properties": { "P29_001": "22103", "P29_002": "B122210003010", "P29_003": "16001", "P29_004": "静岡市立由比小学校", "P29_005": "静岡県静岡市清水区由比町屋原329", "P29_006": "3", "P29_007": "1", "P29_008": "00", "P29_009": null }, "geometry": { "type": "Point", "coordinates": [ 138.557181027001548, 35.108020293762635 ] } },
{ "type": "Feature", "properties": { "P29_001": "22103", "P29_002": "B122210003029", "P29_003": "16001", "P29_004": "静岡市立由比北小学校", "P29_005": "静岡県静岡市清水区由比入山2158", "P29_006": "3", "P29_007": "1", "P29_008": "00", "P29_009": null }, "geometry": { "type": "Point", "coordinates": [ 138.556748996930963, 35.129297216312033 ] } },
{ "type": "Feature", "properties": { "P29_001": "22101", "P29_002": "B122210003038", "P29_003": "16001", "P29_004": "静岡市立大河内小学校", "P29_005": "静岡県静岡市葵区平野1850-66", "P29_006": "3", "P29_007": "1", "P29_008": "00", "P29_009": null }, "geometry": { "type": "Point", "coordinates": [ 138.361524156538337, 35.148572025084199 ] } },
{ "type": "Feature", "properties": { "P29_001": "22101", "P29_002": "B122210003047", "P29_003": "16001", "P29_004": "静岡市立梅ケ島小学校", "P29_005": "静岡県静岡市葵区梅ヶ島1309-1", "P29_006": "3", "P29_007": "1", "P29_008": "00", "P29_009": null }, "geometry": { "type": "Point", "coordinates": [ 138.339651100044733, 35.244047867796255 ] } },
{ "type": "Feature", "properties": { "P29_001": "22101", "P29_002": "B122210003056", "P29_003": "16001", "P29_004": "静岡市立玉川小学校", "P29_005": "静岡県静岡市葵区落合103-3", "P29_006": "3", "P29_007": "1", "P29_008": "00", "P29_009": null }, "geometry": { "type": "Point", "coordinates": [ 138.333723032886638, 35.11024678325446 ] } },
{ "type": "Feature", "properties": { "P29_001": "22101", "P29_002": "B122210003065", "P29_003": "16001", "P29_004": "静岡市立井川小学校", "P29_005": "静岡県静岡市葵区井川1561-3", "P29_006": "3", "P29_007": "1", "P29_008": "00", "P29_009": null }, "geometry": { "type": "Point", "coordinates": [ 138.235330238389253, 35.219255516773146 ] } },
{ "type": "Feature", "properties": { "P29_001": "22101", "P29_002": "B122210003074", "P29_003": "16001", "P29_004": "静岡市立清沢小学校", "P29_005": "静岡県静岡市葵区相俣99-1", "P29_006": "3", "P29_007": "1", "P29_008": "00", "P29_009": null }, "geometry": { "type": "Point", "coordinates": [ 138.245710189544013, 35.033283950284066 ] } },
{ "type": "Feature", "properties": { "P29_001": "22101", "P29_002": "B122210003092", "P29_003": "16001", "P29_004": "静岡市立大川小学校", "P29_005": "静岡県静岡市葵区日向876", "P29_006": "3", "P29_007": "1", "P29_008": "00", "P29_009": null }, "geometry": { "type": "Point", "coordinates": [ 138.240875850613691, 35.092435638377395 ] } },
{ "type": "Feature", "properties": { "P29_001": "22101", "P29_002": "B122210003109", "P29_003": "16001", "P29_004": "静岡市立美和小学校", "P29_005": "静岡県静岡市葵区遠藤新田69-1", "P29_006": "3", "P29_007": "1", "P29_008": "00", "P29_009": null }, "geometry": { "type": "Point", "coordinates": [ 138.368495202274431, 35.029735575256659 ] } },
{ "type": "Feature", "properties": { "P29_001": "22101", "P29_002": "B122210003118", "P29_003": "16001", "P29_004": "静岡市立城北小学校", "P29_005": "静岡県静岡市葵区北安東4-27-3", "P29_006": "3", "P29_007": "1", "P29_008": "00", "P29_009": null }, "geometry": { "type": "Point", "coordinates": [ 138.387787430297891, 35.00268925384227 ] } },
{ "type": "Feature", "properties": { "P29_001": "22102", "P29_002": "B122210003127", "P29_003": "16001", "P29_004": "静岡市立宮竹小学校", "P29_005": "静岡県静岡市駿河区宮竹2-12-1", "P29_006": "3", "P29_007": "1", "P29_008": "00", "P29_009": null }, "geometry": { "type": "Point", "coordinates": [ 138.417343017853085, 34.95205945107341 ] } },
{ "type": "Feature", "properties": { "P29_001": "22102", "P29_002": "B122210003136", "P29_003": "16001", "P29_004": "静岡市立東源台小学校", "P29_005": "静岡県静岡市駿河区国吉田6-7-45", "P29_006": "3", "P29_007": "1", "P29_008": "00", "P29_009": null }, "geometry": { "type": "Point", "coordinates": [ 138.437564696057592, 34.989086944699615 ] } },
{ "type": "Feature", "properties": { "P29_001": "22101", "P29_002": "B122210003145", "P29_003": "16001", "P29_004": "静岡市立番町小学校", "P29_005": "静岡県静岡市葵区新富町1-23-1", "P29_006": "3", "P29_007": "1", "P29_008": "00", "P29_009": null }, "geometry": { "type": "Point", "coordinates": [ 138.36919519111791, 34.975058786463663 ] } },
{ "type": "Feature", "properties": { "P29_001": "22101", "P29_002": "B122210003154", "P29_003": "16001", "P29_004": "静岡市立葵小学校", "P29_005": "静岡県静岡市葵区城内町7-9", "P29_006": "3", "P29_007": "1", "P29_008": "00", "P29_009": null }, "geometry": { "type": "Point", "coordinates": [ 138.382760166078299, 34.982164863315376 ] } },
{ "type": "Feature", "properties": { "P29_001": "22214", "P29_002": "B122210003163", "P29_003": "16001", "P29_004": "藤枝市立岡部小学校", "P29_005": "静岡県藤枝市岡部町内谷997-2", "P29_006": "3", "P29_007": "1", "P29_008": "00", "P29_009": null }, "geometry": { "type": "Point", "coordinates": [ 138.283535479623396, 34.909666753050182 ] } },
{ "type": "Feature", "properties": { "P29_001": "22214", "P29_002": "B122210003172", "P29_003": "16001", "P29_004": "藤枝市立朝比奈第一小学校", "P29_005": "静岡県藤枝市岡部町新舟1021", "P29_006": "3", "P29_007": "1", "P29_008": "00", "P29_009": null }, "geometry": { "type": "Point", "coordinates": [ 138.251345799326629, 34.952488766476009 ] } },
{ "type": "Feature", "properties": { "P29_001": "22212", "P29_002": "B122210003181", "P29_003": "16001", "P29_004": "焼津市立大井川東小学校", "P29_005": "静岡県焼津市宗高428", "P29_006": "3", "P29_007": "1", "P29_008": "00", "P29_009": null }, "geometry": { "type": "Point", "coordinates": [ 138.293152003922359, 34.807623804703816 ] } },
{ "type": "Feature", "properties": { "P29_001": "22212", "P29_002": "B122210003190", "P29_003": "16001", "P29_004": "焼津市立大井川西小学校", "P29_005": "静岡県焼津市上泉1688-1", "P29_006": "3", "P29_007": "1", "P29_008": "00", "P29_009": null }, "geometry": { "type": "Point", "coordinates": [ 138.264785891393586, 34.814592252779264 ] } },
{ "type": "Feature", "properties": { "P29_001": "22212", "P29_002": "B122210003207", "P29_003": "16001", "P29_004": "焼津市立大井川南小学校", "P29_005": "静岡県焼津市吉永490", "P29_006": "3", "P29_007": "1", "P29_008": "00", "P29_009": null }, "geometry": { "type": "Point", "coordinates": [ 138.294664041223172, 34.794715763657159 ] } },
{ "type": "Feature", "properties": { "P29_001": "22223", "P29_002": "B122210003216", "P29_003": "16001", "P29_004": "御前崎市立御前崎小学校", "P29_005": "静岡県御前崎市御前崎3556", "P29_006": "3", "P29_007": "1", "P29_008": "00", "P29_009": null }, "geometry": { "type": "Point", "coordinates": [ 138.215341604332536, 34.604688115926834 ] } },
{ "type": "Feature", "properties": { "P29_001": "22223", "P29_002": "B122210003225", "P29_003": "16001", "P29_004": "御前崎市立白羽小学校", "P29_005": "静岡県御前崎市白羽3521-3", "P29_006": "3", "P29_007": "1", "P29_008": "00", "P29_009": null }, "geometry": { "type": "Point", "coordinates": [ 138.190518293189854, 34.610999279216514 ] } },
{ "type": "Feature", "properties": { "P29_001": "22226", "P29_002": "B122210003234", "P29_003": "16001", "P29_004": "牧之原市立相良小学校", "P29_005": "静岡県牧之原市波津1642", "P29_006": "3", "P29_007": "1", "P29_008": "00", "P29_009": null }, "geometry": { "type": "Point", "coordinates": [ 138.19672599778346, 34.687093457966036 ] } },
{ "type": "Feature", "properties": { "P29_001": "22226", "P29_002": "B122210003243", "P29_003": "16001", "P29_004": "牧之原市立菅山小学校", "P29_005": "静岡県牧之原市西山寺6-1", "P29_006": "3", "P29_007": "1", "P29_008": "00", "P29_009": null }, "geometry": { "type": "Point", "coordinates": [ 138.177033409255586, 34.69838157746365 ] } },
{ "type": "Feature", "properties": { "P29_001": "22226", "P29_002": "B122210003252", "P29_003": "16001", "P29_004": "牧之原市立地頭方小学校", "P29_005": "静岡県牧之原市地頭方981", "P29_006": "3", "P29_007": "1", "P29_008": "00", "P29_009": null }, "geometry": { "type": "Point", "coordinates": [ 138.193045649410578, 34.63752078813215 ] } },
{ "type": "Feature", "properties": { "P29_001": "22226", "P29_002": "B122210003261", "P29_003": "16001", "P29_004": "牧之原市菊川市学校組合立牧之原小学校", "P29_005": "静岡県牧之原市東萩間2082-13", "P29_006": "3", "P29_007": "1", "P29_008": "00", "P29_009": null }, "geometry": { "type": "Point", "coordinates": [ 138.135877854358597, 34.75808266274187 ] } },
{ "type": "Feature", "properties": { "P29_001": "22226", "P29_002": "B122210003270", "P29_003": "16001", "P29_004": "牧之原市立萩間小学校", "P29_005": "静岡県牧之原市黒子75", "P29_006": "3", "P29_007": "1", "P29_008": "00", "P29_009": null }, "geometry": { "type": "Point", "coordinates": [ 138.182126404981773, 34.716734673149496 ] } },
{ "type": "Feature", "properties": { "P29_001": "22226", "P29_002": "B122210003289", "P29_003": "16001", "P29_004": "牧之原市立川崎小学校", "P29_005": "静岡県牧之原市静波1001-1", "P29_006": "3", "P29_007": "1", "P29_008": "00", "P29_009": null }, "geometry": { "type": "Point", "coordinates": [ 138.224430002200279, 34.737903003162252 ] } },
{ "type": "Feature", "properties": { "P29_001": "22226", "P29_002": "B122210003298", "P29_003": "16001", "P29_004": "牧之原市立細江小学校", "P29_005": "静岡県牧之原市細江1260", "P29_006": "3", "P29_007": "1", "P29_008": "00", "P29_009": null }, "geometry": { "type": "Point", "coordinates": [ 138.235590035542998, 34.749853692050202 ] } },
{ "type": "Feature", "properties": { "P29_001": "22226", "P29_002": "B122210003305", "P29_003": "16001", "P29_004": "牧之原市立勝間田小学校", "P29_005": "静岡県牧之原市勝間588-3", "P29_006": "3", "P29_007": "1", "P29_008": "00", "P29_009": null }, "geometry": { "type": "Point", "coordinates": [ 138.186960719855733, 34.766286749841917 ] } },
{ "type": "Feature", "properties": { "P29_001": "22226", "P29_002": "B122210003314", "P29_003": "16001", "P29_004": "牧之原市立坂部小学校", "P29_005": "静岡県牧之原市坂部468-1", "P29_006": "3", "P29_007": "1", "P29_008": "00", "P29_009": null }, "geometry": { "type": "Point", "coordinates": [ 138.208446975193112, 34.778213289780119 ] } },
{ "type": "Feature", "properties": { "P29_001": "22424", "P29_002": "B122210003323", "P29_003": "16001", "P29_004": "吉田町立住吉小学校", "P29_005": "静岡県榛原郡吉田町住吉2223", "P29_006": "3", "P29_007": "1", "P29_008": "00", "P29_009": null }, "geometry": { "type": "Point", "coordinates": [ 138.254127868443106, 34.759380826338109 ] } },
{ "type": "Feature", "properties": { "P29_001": "22424", "P29_002": "B122210003332", "P29_003": "16001", "P29_004": "吉田町立中央小学校", "P29_005": "静岡県榛原郡吉田町片岡850-1", "P29_006": "3", "P29_007": "1", "P29_008": "00", "P29_009": null }, "geometry": { "type": "Point", "coordinates": [ 138.259678470514501, 34.771052155508521 ] } },
{ "type": "Feature", "properties": { "P29_001": "22424", "P29_002": "B122210003341", "P29_003": "16001", "P29_004": "吉田町立自彊小学校", "P29_005": "静岡県榛原郡吉田町神戸1748-2", "P29_006": "3", "P29_007": "1", "P29_008": "00", "P29_009": null }, "geometry": { "type": "Point", "coordinates": [ 138.240145086315749, 34.785466797267659 ] } },
{ "type": "Feature", "properties": { "P29_001": "22209", "P29_002": "B122210003350", "P29_003": "16001", "P29_004": "島田市立金谷小学校", "P29_005": "静岡県島田市金谷根岸町33", "P29_006": "3", "P29_007": "1", "P29_008": "00", "P29_009": null }, "geometry": { "type": "Point", "coordinates": [ 138.127537636332505, 34.826560877086244 ] } },
{ "type": "Feature", "properties": { "P29_001": "22209", "P29_002": "B122210003369", "P29_003": "16001", "P29_004": "島田市立五和小学校", "P29_005": "静岡県島田市牛尾435", "P29_006": "3", "P29_007": "1", "P29_008": "00", "P29_009": null }, "geometry": { "type": "Point", "coordinates": [ 138.122520662646025, 34.846879634638853 ] } },
{ "type": "Feature", "properties": { "P29_001": "22209", "P29_002": "B122210003378", "P29_003": "16001", "P29_004": "島田市立川根小学校", "P29_005": "静岡県島田市川根町家山400-1", "P29_006": "3", "P29_007": "1", "P29_008": "00", "P29_009": null }, "geometry": { "type": "Point", "coordinates": [ 138.0754359991451, 34.939824001014301 ] } },
{ "type": "Feature", "properties": { "P29_001": "22429", "P29_002": "B122210003412", "P29_003": "16001", "P29_004": "川根本町立本川根小学校", "P29_005": "静岡県榛原郡川根本町千頭1236-6", "P29_006": "3", "P29_007": "1", "P29_008": "00", "P29_009": null }, "geometry": { "type": "Point", "coordinates": [ 138.13591827344564, 35.104877431901109 ] } },
{ "type": "Feature", "properties": { "P29_001": "22213", "P29_002": "B122210003421", "P29_003": "16001", "P29_004": "掛川市立土方小学校", "P29_005": "静岡県掛川市上土方286-1", "P29_006": "3", "P29_007": "1", "P29_008": "00", "P29_009": null }, "geometry": { "type": "Point", "coordinates": [ 138.041890697344229, 34.707694277076989 ] } },
{ "type": "Feature", "properties": { "P29_001": "22213", "P29_002": "B122210003430", "P29_003": "16001", "P29_004": "掛川市立佐束小学校", "P29_005": "静岡県掛川市小貫1474", "P29_006": "3", "P29_007": "1", "P29_008": "00", "P29_009": null }, "geometry": { "type": "Point", "coordinates": [ 138.053524047145004, 34.716603856309796 ] } },
{ "type": "Feature", "properties": { "P29_001": "22213", "P29_002": "B122210003449", "P29_003": "16001", "P29_004": "掛川市立中小学校", "P29_005": "静岡県掛川市中3080", "P29_006": "3", "P29_007": "1", "P29_008": "00", "P29_009": null }, "geometry": { "type": "Point", "coordinates": [ 138.059575966032241, 34.688387396995118 ] } },
{ "type": "Feature", "properties": { "P29_001": "22213", "P29_002": "B122210003458", "P29_003": "16001", "P29_004": "掛川市立横須賀小学校", "P29_005": "静岡県掛川市横須賀1110", "P29_006": "3", "P29_007": "1", "P29_008": "00", "P29_009": null }, "geometry": { "type": "Point", "coordinates": [ 137.984651570739942, 34.679970612922077 ] } },
{ "type": "Feature", "properties": { "P29_001": "22213", "P29_002": "B122210003467", "P29_003": "16001", "P29_004": "掛川市立大渕小学校", "P29_005": "静岡県掛川市大渕5602", "P29_006": "3", "P29_007": "1", "P29_008": "00", "P29_009": null }, "geometry": { "type": "Point", "coordinates": [ 138.012409833944076, 34.672059655425087 ] } },
{ "type": "Feature", "properties": { "P29_001": "22213", "P29_002": "B122210003476", "P29_003": "16001", "P29_004": "掛川市立大坂小学校", "P29_005": "静岡県掛川市大坂5667", "P29_006": "3", "P29_007": "1", "P29_008": "00", "P29_009": null }, "geometry": { "type": "Point", "coordinates": [ 138.046819908347061, 34.675243980497108 ] } },
{ "type": "Feature", "properties": { "P29_001": "22213", "P29_002": "B122210003485", "P29_003": "16001", "P29_004": "掛川市立千浜小学校", "P29_005": "静岡県掛川市千浜5849", "P29_006": "3", "P29_007": "1", "P29_008": "00", "P29_009": null }, "geometry": { "type": "Point", "coordinates": [ 138.074855868153122, 34.659402479777306 ] } },
{ "type": "Feature", "properties": { "P29_001": "22223", "P29_002": "B122210003494", "P29_003": "16001", "P29_004": "御前崎市立第一小学校", "P29_005": "静岡県御前崎市池新田1520", "P29_006": "3", "P29_007": "1", "P29_008": "00", "P29_009": null }, "geometry": { "type": "Point", "coordinates": [ 138.120789057510734, 34.652317795598329 ] } },
{ "type": "Feature", "properties": { "P29_001": "22223", "P29_002": "B122210003500", "P29_003": "16001", "P29_004": "御前崎市立浜岡東小学校", "P29_005": "静岡県御前崎市佐倉1403-1", "P29_006": "3", "P29_007": "1", "P29_008": "00", "P29_009": null }, "geometry": { "type": "Point", "coordinates": [ 138.159539621209262, 34.635600146740771 ] } },
{ "type": "Feature", "properties": { "P29_001": "22223", "P29_002": "B122210003519", "P29_003": "16001", "P29_004": "御前崎市立浜岡北小学校", "P29_005": "静岡県御前崎市下朝比奈753", "P29_006": "3", "P29_007": "1", "P29_008": "00", "P29_009": null }, "geometry": { "type": "Point", "coordinates": [ 138.134343183023304, 34.669630404437093 ] } },
{ "type": "Feature", "properties": { "P29_001": "22224", "P29_002": "B122210003528", "P29_003": "16001", "P29_004": "菊川市立小笠東小学校", "P29_005": "静岡県菊川市川上1348-2", "P29_006": "3", "P29_007": "1", "P29_008": "00", "P29_009": null }, "geometry": { "type": "Point", "coordinates": [ 138.114056004011445, 34.701433003164084 ] } },
{ "type": "Feature", "properties": { "P29_001": "22224", "P29_002": "B122210003537", "P29_003": "16001", "P29_004": "菊川市立小笠南小学校", "P29_005": "静岡県菊川市高橋3503", "P29_006": "3", "P29_007": "1", "P29_008": "00", "P29_009": null }, "geometry": { "type": "Point", "coordinates": [ 138.100254825671328, 34.680733971480805 ] } },
{ "type": "Feature", "properties": { "P29_001": "22224", "P29_002": "B122210003546", "P29_003": "16001", "P29_004": "菊川市立小笠北小学校", "P29_005": "静岡県菊川市嶺田59", "P29_006": "3", "P29_007": "1", "P29_008": "00", "P29_009": null }, "geometry": { "type": "Point", "coordinates": [ 138.080845434690019, 34.699761142767301 ] } },
{ "type": "Feature", "properties": { "P29_001": "22224", "P29_002": "B122210003555", "P29_003": "16001", "P29_004": "菊川市立六郷小学校", "P29_005": "静岡県菊川市本所2200", "P29_006": "3", "P29_007": "1", "P29_008": "00", "P29_009": null }, "geometry": { "type": "Point", "coordinates": [ 138.094464529690725, 34.745811038703152 ] } },
{ "type": "Feature", "properties": { "P29_001": "22224", "P29_002": "B122210003564", "P29_003": "16001", "P29_004": "菊川市立内田小学校", "P29_005": "静岡県菊川市下内田1637", "P29_006": "3", "P29_007": "1", "P29_008": "00", "P29_009": null }, "geometry": { "type": "Point", "coordinates": [ 138.073238895520888, 34.726321744522188 ] } },
{ "type": "Feature", "properties": { "P29_001": "22224", "P29_002": "B122210003573", "P29_003": "16001", "P29_004": "菊川市立横地小学校", "P29_005": "静岡県菊川市東横地1886", "P29_006": "3", "P29_007": "1", "P29_008": "00", "P29_009": null }, "geometry": { "type": "Point", "coordinates": [ 138.095165231323733, 34.725457079421631 ] } },
{ "type": "Feature", "properties": { "P29_001": "22224", "P29_002": "B122210003582", "P29_003": "16001", "P29_004": "菊川市立加茂小学校", "P29_005": "静岡県菊川市加茂5114", "P29_006": "3", "P29_007": "1", "P29_008": "00", "P29_009": null }, "geometry": { "type": "Point", "coordinates": [ 138.082822738258926, 34.744831902073059 ] } },
{ "type": "Feature", "properties": { "P29_001": "22224", "P29_002": "B122210003591", "P29_003": "16001", "P29_004": "菊川市立堀之内小学校", "P29_005": "静岡県菊川市西方2140", "P29_006": "3", "P29_007": "1", "P29_008": "00", "P29_009": null }, "geometry": { "type": "Point", "coordinates": [ 138.074622959604142, 34.762605106669206 ] } },
{ "type": "Feature", "properties": { "P29_001": "22224", "P29_002": "B122210003608", "P29_003": "16001", "P29_004": "菊川市立河城小学校", "P29_005": "静岡県菊川市吉沢556", "P29_006": "3", "P29_007": "1", "P29_008": "00", "P29_009": null }, "geometry": { "type": "Point", "coordinates": [ 138.113136558583818, 34.773675613272154 ] } },
{ "type": "Feature", "properties": { "P29_001": "22131", "P29_002": "B122210003617", "P29_003": "16001", "P29_004": "浜松市立西小学校", "P29_005": "静岡県浜松市中区鴨江町70-1", "P29_006": "3", "P29_007": "1", "P29_008": "00", "P29_009": null }, "geometry": { "type": "Point", "coordinates": [ 137.721172646517431, 34.706271290261689 ] } },
{ "type": "Feature", "properties": { "P29_001": "22131", "P29_002": "B122210003626", "P29_003": "16001", "P29_004": "浜松市立東小学校", "P29_005": "静岡県浜松市中区中央2-2-1", "P29_006": "3", "P29_007": "1", "P29_008": "00", "P29_009": null }, "geometry": { "type": "Point", "coordinates": [ 137.73839450180671, 34.711640000582641 ] } },
{ "type": "Feature", "properties": { "P29_001": "22131", "P29_002": "B122210003635", "P29_003": "16001", "P29_004": "浜松市立県居小学校", "P29_005": "静岡県浜松市中区東伊場2-5-1", "P29_006": "3", "P29_007": "1", "P29_008": "00", "P29_009": null }, "geometry": { "type": "Point", "coordinates": [ 137.721700060794547, 34.698532174876497 ] } },
{ "type": "Feature", "properties": { "P29_001": "22131", "P29_002": "B122210003644", "P29_003": "16001", "P29_004": "浜松市立相生小学校", "P29_005": "静岡県浜松市中区向宿3-8-1", "P29_006": "3", "P29_007": "1", "P29_008": "00", "P29_009": null }, "geometry": { "type": "Point", "coordinates": [ 137.752583173636054, 34.701504826211909 ] } },
{ "type": "Feature", "properties": { "P29_001": "22131", "P29_002": "B122210003653", "P29_003": "16001", "P29_004": "浜松市立竜禅寺小学校", "P29_005": "静岡県浜松市中区龍禅寺町844", "P29_006": "3", "P29_007": "1", "P29_008": "00", "P29_009": null }, "geometry": { "type": "Point", "coordinates": [ 137.743312660951375, 34.698006352345111 ] } },
{ "type": "Feature", "properties": { "P29_001": "22131", "P29_002": "B122210003662", "P29_003": "16001", "P29_004": "浜松市立追分小学校", "P29_005": "静岡県浜松市中区布橋1-9-1", "P29_006": "3", "P29_007": "1", "P29_008": "00", "P29_009": null }, "geometry": { "type": "Point", "coordinates": [ 137.720131801488094, 34.720528061890548 ] } },
{ "type": "Feature", "properties": { "P29_001": "22131", "P29_002": "B122210003671", "P29_003": "16001", "P29_004": "浜松市立佐藤小学校", "P29_005": "静岡県浜松市中区佐藤2-32-1", "P29_006": "3", "P29_007": "1", "P29_008": "00", "P29_009": null }, "geometry": { "type": "Point", "coordinates": [ 137.748593600100207, 34.715061239549257 ] } },
{ "type": "Feature", "properties": { "P29_001": "22131", "P29_002": "B122210003680", "P29_003": "16001", "P29_004": "浜松市立広沢小学校", "P29_005": "静岡県浜松市中区広沢2-51-1", "P29_006": "3", "P29_007": "1", "P29_008": "00", "P29_009": null }, "geometry": { "type": "Point", "coordinates": [ 137.713462723102339, 34.716635172044533 ] } },
{ "type": "Feature", "properties": { "P29_001": "22131", "P29_002": "B122210003699", "P29_003": "16001", "P29_004": "浜松市立曳馬小学校", "P29_005": "静岡県浜松市中区曳馬1-1-35", "P29_006": "3", "P29_007": "1", "P29_008": "00", "P29_009": null }, "geometry": { "type": "Point", "coordinates": [ 137.738556989264055, 34.726771412753507 ] } },
{ "type": "Feature", "properties": { "P29_001": "22131", "P29_002": "B122210003706", "P29_003": "16001", "P29_004": "浜松市立萩丘小学校", "P29_005": "静岡県浜松市中区幸5-12-1", "P29_006": "3", "P29_007": "1", "P29_008": "00", "P29_009": null }, "geometry": { "type": "Point", "coordinates": [ 137.725828349952451, 34.746868880029169 ] } },
{ "type": "Feature", "properties": { "P29_001": "22131", "P29_002": "B122210003715", "P29_003": "16001", "P29_004": "浜松市立富塚小学校", "P29_005": "静岡県浜松市中区富塚町1803", "P29_006": "3", "P29_007": "1", "P29_008": "00", "P29_009": null }, "geometry": { "type": "Point", "coordinates": [ 137.703193441218161, 34.72629317107355 ] } },
{ "type": "Feature", "properties": { "P29_001": "22134", "P29_002": "B122210003724", "P29_003": "16001", "P29_004": "浜松市立白脇小学校", "P29_005": "静岡県浜松市南区寺脇町431", "P29_006": "3", "P29_007": "1", "P29_008": "00", "P29_009": null }, "geometry": { "type": "Point", "coordinates": [ 137.744899188011971, 34.6818801797695 ] } },
{ "type": "Feature", "properties": { "P29_001": "22132", "P29_002": "B122210003733", "P29_003": "16001", "P29_004": "浜松市立蒲小学校", "P29_005": "静岡県浜松市東区神立町5", "P29_006": "3", "P29_007": "1", "P29_008": "00", "P29_009": null }, "geometry": { "type": "Point", "coordinates": [ 137.757981942870458, 34.716707410907524 ] } },
{ "type": "Feature", "properties": { "P29_001": "22131", "P29_002": "B122210003742", "P29_003": "16001", "P29_004": "浜松市立浅間小学校", "P29_005": "静岡県浜松市中区西浅田2-12-1", "P29_006": "3", "P29_007": "1", "P29_008": "00", "P29_009": null }, "geometry": { "type": "Point", "coordinates": [ 137.726820513302897, 34.692065527387591 ] } },
{ "type": "Feature", "properties": { "P29_001": "22131", "P29_002": "B122210003751", "P29_003": "16001", "P29_004": "浜松市立上島小学校", "P29_005": "静岡県浜松市中区上島1-21-1", "P29_006": "3", "P29_007": "1", "P29_008": "00", "P29_009": null }, "geometry": { "type": "Point", "coordinates": [ 137.740801741954215, 34.735957238369103 ] } },
{ "type": "Feature", "properties": { "P29_001": "22131", "P29_002": "B122210003760", "P29_003": "16001", "P29_004": "浜松市立鴨江小学校", "P29_005": "静岡県浜松市中区西伊場町4-1", "P29_006": "3", "P29_007": "1", "P29_008": "00", "P29_009": null }, "geometry": { "type": "Point", "coordinates": [ 137.709038000090345, 34.703115001831719 ] } },
{ "type": "Feature", "properties": { "P29_001": "22134", "P29_002": "B122210003779", "P29_003": "16001", "P29_004": "浜松市立新津小学校", "P29_005": "静岡県浜松市南区新橋町777", "P29_006": "3", "P29_007": "1", "P29_008": "00", "P29_009": null }, "geometry": { "type": "Point", "coordinates": [ 137.703035938770796, 34.68302799632243 ] } },
{ "type": "Feature", "properties": { "P29_001": "22134", "P29_002": "B122210003788", "P29_003": "16001", "P29_004": "浜松市立河輪小学校", "P29_005": "静岡県浜松市南区東町333", "P29_006": "3", "P29_007": "1", "P29_008": "00", "P29_009": null }, "geometry": { "type": "Point", "coordinates": [ 137.782453814827761, 34.676115709248265 ] } },
{ "type": "Feature", "properties": { "P29_001": "22131", "P29_002": "B122210003797", "P29_003": "16001", "P29_004": "浜松市立船越小学校", "P29_005": "静岡県浜松市中区船越町29-1", "P29_006": "3", "P29_007": "1", "P29_008": "00", "P29_009": null }, "geometry": { "type": "Point", "coordinates": [ 137.743303520157895, 34.716986003465671 ] } },
{ "type": "Feature", "properties": { "P29_001": "22131", "P29_002": "B122210003804", "P29_003": "16001", "P29_004": "浜松市立城北小学校", "P29_005": "静岡県浜松市中区住吉1-23-1", "P29_006": "3", "P29_007": "1", "P29_008": "00", "P29_009": null }, "geometry": { "type": "Point", "coordinates": [ 137.723599881542498, 34.728656707828925 ] } },
{ "type": "Feature", "properties": { "P29_001": "22132", "P29_002": "B122210003813", "P29_003": "16001", "P29_004": "浜松市立和田小学校", "P29_005": "静岡県浜松市東区薬師町273-2", "P29_006": "3", "P29_007": "1", "P29_008": "00", "P29_009": null }, "geometry": { "type": "Point", "coordinates": [ 137.782917150634916, 34.724918003405747 ] } },
{ "type": "Feature", "properties": { "P29_001": "22132", "P29_002": "B122210003822", "P29_003": "16001", "P29_004": "浜松市立与進小学校", "P29_005": "静岡県浜松市東区天王町1351", "P29_006": "3", "P29_007": "1", "P29_008": "00", "P29_009": null }, "geometry": { "type": "Point", "coordinates": [ 137.770886342669058, 34.741128231148458 ] } },
{ "type": "Feature", "properties": { "P29_001": "22132", "P29_002": "B122210003831", "P29_003": "16001", "P29_004": "浜松市立豊西小学校", "P29_005": "静岡県浜松市東区豊西町1551", "P29_006": "3", "P29_007": "1", "P29_008": "00", "P29_009": null }, "geometry": { "type": "Point", "coordinates": [ 137.804164635580804, 34.767302827028864 ] } },
{ "type": "Feature", "properties": { "P29_001": "22132", "P29_002": "B122210003840", "P29_003": "16001", "P29_004": "浜松市立笠井小学校", "P29_005": "静岡県浜松市東区笠井町1050", "P29_006": "3", "P29_007": "1", "P29_008": "00", "P29_009": null }, "geometry": { "type": "Point", "coordinates": [ 137.795329063872316, 34.772307469927163 ] } },
{ "type": "Feature", "properties": { "P29_001": "22132", "P29_002": "B122210003859", "P29_003": "16001", "P29_004": "浜松市立中ノ町小学校", "P29_005": "静岡県浜松市東区中野町427-1", "P29_006": "3", "P29_007": "1", "P29_008": "00", "P29_009": null }, "geometry": { "type": "Point", "coordinates": [ 137.793168999342697, 34.730143000292252 ] } },
{ "type": "Feature", "properties": { "P29_001": "22134", "P29_002": "B122210003868", "P29_003": "16001", "P29_004": "浜松市立芳川小学校", "P29_005": "静岡県浜松市南区芳川町206-1", "P29_006": "3", "P29_007": "1", "P29_008": "00", "P29_009": null }, "geometry": { "type": "Point", "coordinates": [ 137.767060004776908, 34.692483003697006 ] } },
{ "type": "Feature", "properties": { "P29_001": "22134", "P29_002": "B122210003877", "P29_003": "16001", "P29_004": "浜松市立飯田小学校", "P29_005": "静岡県浜松市南区飯田町978", "P29_006": "3", "P29_007": "1", "P29_008": "00", "P29_009": null }, "geometry": { "type": "Point", "coordinates": [ 137.77414942039988, 34.706392877940587 ] } },
{ "type": "Feature", "properties": { "P29_001": "22131", "P29_002": "B122210003886", "P29_003": "16001", "P29_004": "浜松市立花川小学校", "P29_005": "静岡県浜松市中区花川町781", "P29_006": "3", "P29_007": "1", "P29_008": "00", "P29_009": null }, "geometry": { "type": "Point", "coordinates": [ 137.685957771514012, 34.774453291142578 ] } },
{ "type": "Feature", "properties": { "P29_001": "22135", "P29_002": "B122210003895", "P29_003": "16001", "P29_004": "浜松市立三方原小学校", "P29_005": "静岡県浜松市北区三方原町682", "P29_006": "3", "P29_007": "1", "P29_008": "00", "P29_009": null }, "geometry": { "type": "Point", "coordinates": [ 137.712230373216244, 34.7780956445499 ] } },
{ "type": "Feature", "properties": { "P29_001": "22135", "P29_002": "B122210003902", "P29_003": "16001", "P29_004": "浜松市立豊岡小学校", "P29_005": "静岡県浜松市北区豊岡町22", "P29_006": "3", "P29_007": "1", "P29_008": "00", "P29_009": null }, "geometry": { "type": "Point", "coordinates": [ 137.719952094008818, 34.787265638874828 ] } },
{ "type": "Feature", "properties": { "P29_001": "22135", "P29_002": "B122210003911", "P29_003": "16001", "P29_004": "浜松市立都田小学校", "P29_005": "静岡県浜松市北区都田町5609-2", "P29_006": "3", "P29_007": "1", "P29_008": "00", "P29_009": null }, "geometry": { "type": "Point", "coordinates": [ 137.717245437288994, 34.827540113750516 ] } },
{ "type": "Feature", "properties": { "P29_001": "22133", "P29_002": "B122210003920", "P29_003": "16001", "P29_004": "浜松市立神久呂小学校", "P29_005": "静岡県浜松市西区神ケ谷町3490", "P29_006": "3", "P29_007": "1", "P29_008": "00", "P29_009": null }, "geometry": { "type": "Point", "coordinates": [ 137.669268378072019, 34.727718977594606 ] } },
{ "type": "Feature", "properties": { "P29_001": "22133", "P29_002": "B122210003939", "P29_003": "16001", "P29_004": "浜松市立入野小学校", "P29_005": "静岡県浜松市西区入野町8757", "P29_006": "3", "P29_007": "1", "P29_008": "00", "P29_009": null }, "geometry": { "type": "Point", "coordinates": [ 137.686324326726947, 34.699445585738232 ] } },
{ "type": "Feature", "properties": { "P29_001": "22132", "P29_002": "B122210003948", "P29_003": "16001", "P29_004": "浜松市立積志小学校", "P29_005": "静岡県浜松市東区積志町1497-1", "P29_006": "3", "P29_007": "1", "P29_008": "00", "P29_009": null }, "geometry": { "type": "Point", "coordinates": [ 137.760468655700919, 34.765875474211256 ] } },
{ "type": "Feature", "properties": { "P29_001": "22133", "P29_002": "B122210003957", "P29_003": "16001", "P29_004": "浜松市立伊佐見小学校", "P29_005": "静岡県浜松市西区伊左地町5644", "P29_006": "3", "P29_007": "1", "P29_008": "00", "P29_009": null }, "geometry": { "type": "Point", "coordinates": [ 137.655467969259348, 34.74539928941671 ] } },
{ "type": "Feature", "properties": { "P29_001": "22133", "P29_002": "B122210003966", "P29_003": "16001", "P29_004": "浜松市立和地小学校", "P29_005": "静岡県浜松市西区湖東町2005", "P29_006": "3", "P29_007": "1", "P29_008": "00", "P29_009": null }, "geometry": { "type": "Point", "coordinates": [ 137.666808433469015, 34.766640117795717 ] } },
{ "type": "Feature", "properties": { "P29_001": "22135", "P29_002": "B122210003975", "P29_003": "16001", "P29_004": "浜松市立都田南小学校", "P29_005": "静岡県浜松市北区都田町8756", "P29_006": "3", "P29_007": "1", "P29_008": "00", "P29_009": null }, "geometry": { "type": "Point", "coordinates": [ 137.736587364182782, 34.812396174272557 ] } },
{ "type": "Feature", "properties": { "P29_001": "22133", "P29_002": "B122210003984", "P29_003": "16001", "P29_004": "浜松市立篠原小学校", "P29_005": "静岡県浜松市西区篠原町10300", "P29_006": "3", "P29_007": "1", "P29_008": "00", "P29_009": null }, "geometry": { "type": "Point", "coordinates": [ 137.656405004483361, 34.683811002508293 ] } },
{ "type": "Feature", "properties": { "P29_001": "22131", "P29_002": "B122210003993", "P29_003": "16001", "P29_004": "浜松市立葵が丘小学校", "P29_005": "静岡県浜松市中区高丘東3-51-1", "P29_006": "3", "P29_007": "1", "P29_008": "00", "P29_009": null }, "geometry": { "type": "Point", "coordinates": [ 137.716672879971895, 34.76277170283381 ] } },
{ "type": "Feature", "properties": { "P29_001": "22133", "P29_002": "B122210004000", "P29_003": "16001", "P29_004": "浜松市立村櫛小学校", "P29_005": "静岡県浜松市西区村櫛町2551", "P29_006": "3", "P29_007": "1", "P29_008": "00", "P29_009": null }, "geometry": { "type": "Point", "coordinates": [ 137.595159309003861, 34.728320590080116 ] } },
{ "type": "Feature", "properties": { "P29_001": "22131", "P29_002": "B122210004019", "P29_003": "16001", "P29_004": "浜松市立泉小学校", "P29_005": "静岡県浜松市中区泉1-16-1", "P29_006": "3", "P29_007": "1", "P29_008": "00", "P29_009": null }, "geometry": { "type": "Point", "coordinates": [ 137.721034607476781, 34.738749824724778 ] } },
{ "type": "Feature", "properties": { "P29_001": "22132", "P29_002": "B122210004028", "P29_003": "16001", "P29_004": "浜松市立大瀬小学校", "P29_005": "静岡県浜松市東区大瀬町2218", "P29_006": "3", "P29_007": "1", "P29_008": "00", "P29_009": null }, "geometry": { "type": "Point", "coordinates": [ 137.772889527997108, 34.756705469725979 ] } },
{ "type": "Feature", "properties": { "P29_001": "22134", "P29_002": "B122210004037", "P29_003": "16001", "P29_004": "浜松市立砂丘小学校", "P29_005": "静岡県浜松市南区白羽町2512", "P29_006": "3", "P29_007": "1", "P29_008": "00", "P29_009": null }, "geometry": { "type": "Point", "coordinates": [ 137.725836242502197, 34.667716113232011 ] } },
{ "type": "Feature", "properties": { "P29_001": "22132", "P29_002": "B122210004046", "P29_003": "16001", "P29_004": "浜松市立中郡小学校", "P29_005": "静岡県浜松市東区中郡町915", "P29_006": "3", "P29_007": "1", "P29_008": "00", "P29_009": null }, "geometry": { "type": "Point", "coordinates": [ 137.773984734447708, 34.770851115809322 ] } },
{ "type": "Feature", "properties": { "P29_001": "22132", "P29_002": "B122210004055", "P29_003": "16001", "P29_004": "浜松市立与進北小学校", "P29_005": "静岡県浜松市東区市野町2715", "P29_006": "3", "P29_007": "1", "P29_008": "00", "P29_009": null }, "geometry": { "type": "Point", "coordinates": [ 137.765786177617855, 34.746715587723607 ] } },
{ "type": "Feature", "properties": { "P29_001": "22131", "P29_002": "B122210004064", "P29_003": "16001", "P29_004": "浜松市立佐鳴台小学校", "P29_005": "静岡県浜松市中区佐鳴台3-31-1", "P29_006": "3", "P29_007": "1", "P29_008": "00", "P29_009": null }, "geometry": { "type": "Point", "coordinates": [ 137.696750102208284, 34.706062524584006 ] } },
{ "type": "Feature", "properties": { "P29_001": "22131", "P29_002": "B122210004073", "P29_003": "16001", "P29_004": "浜松市立瑞穂小学校", "P29_005": "静岡県浜松市中区高丘北3-15-8", "P29_006": "3", "P29_007": "1", "P29_008": "00", "P29_009": null }, "geometry": { "type": "Point", "coordinates": [ 137.698557497868791, 34.765301054234222 ] } },
{ "type": "Feature", "properties": { "P29_001": "22131", "P29_002": "B122210004082", "P29_003": "16001", "P29_004": "浜松市立富塚西小学校", "P29_005": "静岡県浜松市中区富塚町3541", "P29_006": "3", "P29_007": "1", "P29_008": "00", "P29_009": null }, "geometry": { "type": "Point", "coordinates": [ 137.700139696639923, 34.728862406639159 ] } },
{ "type": "Feature", "properties": { "P29_001": "22134", "P29_002": "B122210004091", "P29_003": "16001", "P29_004": "浜松市立芳川北小学校", "P29_005": "静岡県浜松市南区頭陀寺町1046-1", "P29_006": "3", "P29_007": "1", "P29_008": "00", "P29_009": null }, "geometry": { "type": "Point", "coordinates": [ 137.760975971347165, 34.69895517853611 ] } },
{ "type": "Feature", "properties": { "P29_001": "22132", "P29_002": "B122210004108", "P29_003": "16001", "P29_004": "浜松市立有玉小学校", "P29_005": "静岡県浜松市東区有玉南町614", "P29_006": "3", "P29_007": "1", "P29_008": "00", "P29_009": null }, "geometry": { "type": "Point", "coordinates": [ 137.750093904691596, 34.758111293479104 ] } },
{ "type": "Feature", "properties": { "P29_001": "22135", "P29_002": "B122210004117", "P29_003": "16001", "P29_004": "浜松市立初生小学校", "P29_005": "静岡県浜松市北区初生町1001-2", "P29_006": "3", "P29_007": "1", "P29_008": "00", "P29_009": null }, "geometry": { "type": "Point", "coordinates": [ 137.727557490627561, 34.768935177813006 ] } },
{ "type": "Feature", "properties": { "P29_001": "22133", "P29_002": "B122210004126", "P29_003": "16001", "P29_004": "浜松市立西都台小学校", "P29_005": "静岡県浜松市西区西鴨江町1106", "P29_006": "3", "P29_007": "1", "P29_008": "00", "P29_009": null }, "geometry": { "type": "Point", "coordinates": [ 137.664273813901502, 34.703335173942897 ] } },
{ "type": "Feature", "properties": { "P29_001": "22132", "P29_002": "B122210004135", "P29_003": "16001", "P29_004": "浜松市立和田東小学校", "P29_005": "静岡県浜松市東区安間町437-2", "P29_006": "3", "P29_007": "1", "P29_008": "00", "P29_009": null }, "geometry": { "type": "Point", "coordinates": [ 137.789137397675518, 34.720962295735809 ] } },
{ "type": "Feature", "properties": { "P29_001": "22131", "P29_002": "B122210004144", "P29_003": "16001", "P29_004": "浜松市立葵西小学校", "P29_005": "静岡県浜松市中区葵西2-25-1", "P29_006": "3", "P29_007": "1", "P29_008": "00", "P29_009": null }, "geometry": { "type": "Point", "coordinates": [ 137.71070009745867, 34.767922587466174 ] } },
{ "type": "Feature", "properties": { "P29_001": "22132", "P29_002": "B122210004153", "P29_003": "16001", "P29_004": "浜松市立有玉小学校萩原分校", "P29_005": "静岡県浜松市東区有玉西町816", "P29_006": "3", "P29_007": "1", "P29_008": "00", "P29_009": null }, "geometry": { "type": "Point", "coordinates": [ 137.733684431961223, 34.755344940161628 ] } },
{ "type": "Feature", "properties": { "P29_001": "22133", "P29_002": "B122210004162", "P29_003": "16001", "P29_004": "浜松市立大平台小学校", "P29_005": "静岡県浜松市西区大平台3-6-1", "P29_006": "3", "P29_007": "1", "P29_008": "00", "P29_009": null }, "geometry": { "type": "Point", "coordinates": [ 137.680815293885502, 34.714794059998091 ] } },
{ "type": "Feature", "properties": { "P29_001": "22134", "P29_002": "B122210004171", "P29_003": "16001", "P29_004": "浜松市立南の星小学校", "P29_005": "静岡県浜松市南区西島町1148-1", "P29_006": "3", "P29_007": "1", "P29_008": "00", "P29_009": null }, "geometry": { "type": "Point", "coordinates": [ 137.768383379275463, 34.662559502244477 ] } },
{ "type": "Feature", "properties": { "P29_001": "22133", "P29_002": "B122210004180", "P29_003": "16001", "P29_004": "浜松市立庄内小学校", "P29_005": "静岡県浜松市西区庄内町100", "P29_006": "3", "P29_007": "1", "P29_008": "00", "P29_009": null }, "geometry": { "type": "Point", "coordinates": [ 137.608660949827907, 34.754937648563583 ] } },
{ "type": "Feature", "properties": { "P29_001": "22211", "P29_002": "B122210004199", "P29_003": "16001", "P29_004": "磐田市立磐田北小学校", "P29_005": "静岡県磐田市見付2352", "P29_006": "3", "P29_007": "1", "P29_008": "00", "P29_009": null }, "geometry": { "type": "Point", "coordinates": [ 137.858911491982127, 34.729746443386567 ] } },
{ "type": "Feature", "properties": { "P29_001": "22211", "P29_002": "B122210004206", "P29_003": "16001", "P29_004": "磐田市立磐田中部小学校", "P29_005": "静岡県磐田市中泉1203-2", "P29_006": "3", "P29_007": "1", "P29_008": "00", "P29_009": null }, "geometry": { "type": "Point", "coordinates": [ 137.849461163904095, 34.717378880060643 ] } },
{ "type": "Feature", "properties": { "P29_001": "22211", "P29_002": "B122210004215", "P29_003": "16001", "P29_004": "磐田市立磐田西小学校", "P29_005": "静岡県磐田市中泉2522-2", "P29_006": "3", "P29_007": "1", "P29_008": "00", "P29_009": null }, "geometry": { "type": "Point", "coordinates": [ 137.845461168778314, 34.716827588610116 ] } },
{ "type": "Feature", "properties": { "P29_001": "22211", "P29_002": "B122210004224", "P29_003": "16001", "P29_004": "磐田市立磐田南小学校", "P29_005": "静岡県磐田市千手堂1356-1", "P29_006": "3", "P29_007": "1", "P29_008": "00", "P29_009": null }, "geometry": { "type": "Point", "coordinates": [ 137.844170179989192, 34.692041761264392 ] } },
{ "type": "Feature", "properties": { "P29_001": "22211", "P29_002": "B122210004233", "P29_003": "16001", "P29_004": "磐田市立東部小学校", "P29_005": "静岡県磐田市東貝塚206", "P29_006": "3", "P29_007": "1", "P29_008": "00", "P29_009": null }, "geometry": { "type": "Point", "coordinates": [ 137.879092022898277, 34.711954821375599 ] } },
{ "type": "Feature", "properties": { "P29_001": "22211", "P29_002": "B122210004242", "P29_003": "16001", "P29_004": "磐田市立大藤小学校", "P29_005": "静岡県磐田市大久保282-1", "P29_006": "3", "P29_007": "1", "P29_008": "00", "P29_009": null }, "geometry": { "type": "Point", "coordinates": [ 137.84790540119954, 34.776476700657604 ] } },
{ "type": "Feature", "properties": { "P29_001": "22211", "P29_002": "B122210004251", "P29_003": "16001", "P29_004": "磐田市立向笠小学校", "P29_005": "静岡県磐田市向笠竹之内391-6", "P29_006": "3", "P29_007": "1", "P29_008": "00", "P29_009": null }, "geometry": { "type": "Point", "coordinates": [ 137.876501690459889, 34.761641923143728 ] } },
{ "type": "Feature", "properties": { "P29_001": "22211", "P29_002": "B122210004260", "P29_003": "16001", "P29_004": "磐田市立長野小学校", "P29_005": "静岡県磐田市小島736", "P29_006": "3", "P29_007": "1", "P29_008": "00", "P29_009": null }, "geometry": { "type": "Point", "coordinates": [ 137.830972005157463, 34.684596000210384 ] } },
{ "type": "Feature", "properties": { "P29_001": "22211", "P29_002": "B122210004279", "P29_003": "16001", "P29_004": "磐田市立岩田小学校", "P29_005": "静岡県磐田市匂坂中987", "P29_006": "3", "P29_007": "1", "P29_008": "00", "P29_009": null }, "geometry": { "type": "Point", "coordinates": [ 137.831822506990278, 34.767093761157028 ] } },
{ "type": "Feature", "properties": { "P29_001": "22211", "P29_002": "B122210004288", "P29_003": "16001", "P29_004": "磐田市立田原小学校", "P29_005": "静岡県磐田市三ヶ野1030-1", "P29_006": "3", "P29_007": "1", "P29_008": "00", "P29_009": null }, "geometry": { "type": "Point", "coordinates": [ 137.888387216809775, 34.734553942875401 ] } },
{ "type": "Feature", "properties": { "P29_001": "22211", "P29_002": "B122210004297", "P29_003": "16001", "P29_004": "磐田市立富士見小学校", "P29_005": "静岡県磐田市富士見町4-9-5", "P29_006": "3", "P29_007": "1", "P29_008": "00", "P29_009": null }, "geometry": { "type": "Point", "coordinates": [ 137.867432492575801, 34.736487644581999 ] } },
{ "type": "Feature", "properties": { "P29_001": "22216", "P29_002": "B122210004304", "P29_003": "16001", "P29_004": "袋井市立袋井東小学校", "P29_005": "静岡県袋井市広岡2317-1", "P29_006": "3", "P29_007": "1", "P29_008": "00", "P29_009": null }, "geometry": { "type": "Point", "coordinates": [ 137.944884052871743, 34.758061061788872 ] } },
{ "type": "Feature", "properties": { "P29_001": "22216", "P29_002": "B122210004313", "P29_003": "16001", "P29_004": "袋井市立袋井西小学校", "P29_005": "静岡県袋井市川井442", "P29_006": "3", "P29_007": "1", "P29_008": "00", "P29_009": null }, "geometry": { "type": "Point", "coordinates": [ 137.916404994951563, 34.746035002875828 ] } },
{ "type": "Feature", "properties": { "P29_001": "22216", "P29_002": "B122210004322", "P29_003": "16001", "P29_004": "袋井市立袋井南小学校", "P29_005": "静岡県袋井市高尾740", "P29_006": "3", "P29_007": "1", "P29_008": "00", "P29_009": null }, "geometry": { "type": "Point", "coordinates": [ 137.93174772326978, 34.742047000228084 ] } },
{ "type": "Feature", "properties": { "P29_001": "22216", "P29_002": "B122210004331", "P29_003": "16001", "P29_004": "袋井市立袋井北小学校", "P29_005": "静岡県袋井市久能1580", "P29_006": "3", "P29_007": "1", "P29_008": "00", "P29_009": null }, "geometry": { "type": "Point", "coordinates": [ 137.915201278135157, 34.758632997146186 ] } },
{ "type": "Feature", "properties": { "P29_001": "22216", "P29_002": "B122210004340", "P29_003": "16001", "P29_004": "袋井市立今井小学校", "P29_005": "静岡県袋井市太田692", "P29_006": "3", "P29_007": "1", "P29_008": "00", "P29_009": null }, "geometry": { "type": "Point", "coordinates": [ 137.890577268851246, 34.767618997590468 ] } },
{ "type": "Feature", "properties": { "P29_001": "22216", "P29_002": "B122210004359", "P29_003": "16001", "P29_004": "袋井市立三川小学校", "P29_005": "静岡県袋井市友永38", "P29_006": "3", "P29_007": "1", "P29_008": "00", "P29_009": null }, "geometry": { "type": "Point", "coordinates": [ 137.87898698093332, 34.798084178571784 ] } },
{ "type": "Feature", "properties": { "P29_001": "22216", "P29_002": "B122210004368", "P29_003": "16001", "P29_004": "袋井市立笠原小学校", "P29_005": "静岡県袋井市山崎4822", "P29_006": "3", "P29_007": "1", "P29_008": "00", "P29_009": null }, "geometry": { "type": "Point", "coordinates": [ 137.953819105094823, 34.697323869100074 ] } },
{ "type": "Feature", "properties": { "P29_001": "22216", "P29_002": "B122210004377", "P29_003": "16001", "P29_004": "袋井市立山名小学校", "P29_005": "静岡県袋井市春岡684", "P29_006": "3", "P29_007": "1", "P29_008": "00", "P29_009": null }, "geometry": { "type": "Point", "coordinates": [ 137.913233044991387, 34.790311707617846 ] } },
{ "type": "Feature", "properties": { "P29_001": "22216", "P29_002": "B122210004386", "P29_003": "16001", "P29_004": "袋井市立高南小学校", "P29_005": "静岡県袋井市上田町306-2", "P29_006": "3", "P29_007": "1", "P29_008": "00", "P29_009": null }, "geometry": { "type": "Point", "coordinates": [ 137.934404167152252, 34.734726846299743 ] } },
{ "type": "Feature", "properties": { "P29_001": "22137", "P29_002": "B122210004395", "P29_003": "16001", "P29_004": "浜松市立二俣小学校", "P29_005": "静岡県浜松市天竜区二俣町二俣867-1", "P29_006": "3", "P29_007": "1", "P29_008": "00", "P29_009": null }, "geometry": { "type": "Point", "coordinates": [ 137.812623002150787, 34.864533703806863 ] } },
{ "type": "Feature", "properties": { "P29_001": "22137", "P29_002": "B122210004402", "P29_003": "16001", "P29_004": "浜松市立上阿多古小学校", "P29_005": "静岡県浜松市天竜区西藤平1318", "P29_006": "3", "P29_007": "1", "P29_008": "00", "P29_009": null }, "geometry": { "type": "Point", "coordinates": [ 137.763537393641371, 34.912326152779741 ] } },
{ "type": "Feature", "properties": { "P29_001": "22137", "P29_002": "B122210004411", "P29_003": "16001", "P29_004": "浜松市立下阿多古小学校", "P29_005": "静岡県浜松市天竜区両島762", "P29_006": "3", "P29_007": "1", "P29_008": "00", "P29_009": null }, "geometry": { "type": "Point", "coordinates": [ 137.792071621338749, 34.882938321552409 ] } },
{ "type": "Feature", "properties": { "P29_001": "22137", "P29_002": "B122210004420", "P29_003": "16001", "P29_004": "浜松市立熊小学校", "P29_005": "静岡県浜松市天竜区熊2153", "P29_006": "3", "P29_007": "1", "P29_008": "00", "P29_009": null }, "geometry": { "type": "Point", "coordinates": [ 137.733139623795807, 34.959686662461777 ] } },
{ "type": "Feature", "properties": { "P29_001": "22137", "P29_002": "B122210004439", "P29_003": "16001", "P29_004": "浜松市立横山小学校", "P29_005": "静岡県浜松市天竜区横山町547", "P29_006": "3", "P29_007": "1", "P29_008": "00", "P29_009": null }, "geometry": { "type": "Point", "coordinates": [ 137.817549954286648, 34.942758082678232 ] } },
{ "type": "Feature", "properties": { "P29_001": "22137", "P29_002": "B122210004448", "P29_003": "16001", "P29_004": "浜松市立光明小学校", "P29_005": "静岡県浜松市天竜区山東2550", "P29_006": "3", "P29_007": "1", "P29_008": "00", "P29_009": null }, "geometry": { "type": "Point", "coordinates": [ 137.824607363375407, 34.877786199367961 ] } },
{ "type": "Feature", "properties": { "P29_001": "22136", "P29_002": "B122210004457", "P29_003": "16001", "P29_004": "浜松市立浜名小学校", "P29_005": "静岡県浜松市浜北区小松1450", "P29_006": "3", "P29_007": "1", "P29_008": "00", "P29_009": null }, "geometry": { "type": "Point", "coordinates": [ 137.768576173391182, 34.789669068502924 ] } },
{ "type": "Feature", "properties": { "P29_001": "22136", "P29_002": "B122210004466", "P29_003": "16001", "P29_004": "浜松市立北浜小学校", "P29_005": "静岡県浜松市浜北区横須賀800", "P29_006": "3", "P29_007": "1", "P29_008": "00", "P29_009": null }, "geometry": { "type": "Point", "coordinates": [ 137.79212425289964, 34.792437817071146 ] } },
{ "type": "Feature", "properties": { "P29_001": "22136", "P29_002": "B122210004475", "P29_003": "16001", "P29_004": "浜松市立北浜東小学校", "P29_005": "静岡県浜松市浜北区善地1546", "P29_006": "3", "P29_007": "1", "P29_008": "00", "P29_009": null }, "geometry": { "type": "Point", "coordinates": [ 137.810719968976684, 34.792484088406574 ] } },
{ "type": "Feature", "properties": { "P29_001": "22136", "P29_002": "B122210004484", "P29_003": "16001", "P29_004": "浜松市立中瀬小学校", "P29_005": "静岡県浜松市浜北区中瀬3648-1", "P29_006": "3", "P29_007": "1", "P29_008": "00", "P29_009": null }, "geometry": { "type": "Point", "coordinates": [ 137.810900836599188, 34.824022946351249 ] } },
{ "type": "Feature", "properties": { "P29_001": "22136", "P29_002": "B122210004493", "P29_003": "16001", "P29_004": "浜松市立赤佐小学校", "P29_005": "静岡県浜松市浜北区於呂2790", "P29_006": "3", "P29_007": "1", "P29_008": "00", "P29_009": null }, "geometry": { "type": "Point", "coordinates": [ 137.797265585167992, 34.837581796325679 ] } },
{ "type": "Feature", "properties": { "P29_001": "22136", "P29_002": "B122210004509", "P29_003": "16001", "P29_004": "浜松市立麁玉小学校", "P29_005": "静岡県浜松市浜北区宮口262", "P29_006": "3", "P29_007": "1", "P29_008": "00", "P29_009": null }, "geometry": { "type": "Point", "coordinates": [ 137.77089727133648, 34.829538927902064 ] } },
{ "type": "Feature", "properties": { "P29_001": "22136", "P29_002": "B122210004518", "P29_003": "16001", "P29_004": "浜松市立新原小学校", "P29_005": "静岡県浜松市浜北区新原2331", "P29_006": "3", "P29_007": "1", "P29_008": "00", "P29_009": null }, "geometry": { "type": "Point", "coordinates": [ 137.780520431932445, 34.817936646378705 ] } },
{ "type": "Feature", "properties": { "P29_001": "22136", "P29_002": "B122210004527", "P29_003": "16001", "P29_004": "浜松市立北浜北小学校", "P29_005": "静岡県浜松市浜北区西美薗1588", "P29_006": "3", "P29_007": "1", "P29_008": "00", "P29_009": null }, "geometry": { "type": "Point", "coordinates": [ 137.795902329737373, 34.802633486384046 ] } },
{ "type": "Feature", "properties": { "P29_001": "22136", "P29_002": "B122210004536", "P29_003": "16001", "P29_004": "浜松市立内野小学校", "P29_005": "静岡県浜松市浜北区内野1702", "P29_006": "3", "P29_007": "1", "P29_008": "00", "P29_009": null }, "geometry": { "type": "Point", "coordinates": [ 137.757342681110657, 34.78465997860706 ] } },
{ "type": "Feature", "properties": { "P29_001": "22136", "P29_002": "B122210004545", "P29_003": "16001", "P29_004": "浜松市立北浜南小学校", "P29_005": "静岡県浜松市浜北区寺島3010", "P29_006": "3", "P29_007": "1", "P29_008": "00", "P29_009": null }, "geometry": { "type": "Point", "coordinates": [ 137.791354629225509, 34.784360763294771 ] } },
{ "type": "Feature", "properties": { "P29_001": "22136", "P29_002": "B122210004554", "P29_003": "16001", "P29_004": "浜松市立伎倍小学校", "P29_005": "静岡県浜松市浜北区貴布祢2646", "P29_006": "3", "P29_007": "1", "P29_008": "00", "P29_009": null }, "geometry": { "type": "Point", "coordinates": [ 137.783549292068955, 34.801168597605091 ] } },
{ "type": "Feature", "properties": { "P29_001": "22461", "P29_002": "B122210004563", "P29_003": "16001", "P29_004": "森町立飯田小学校", "P29_005": "静岡県周智郡森町飯田3310-1", "P29_006": "3", "P29_007": "1", "P29_008": "00", "P29_009": null }, "geometry": { "type": "Point", "coordinates": [ 137.921374994410968, 34.811637997376721 ] } },
{ "type": "Feature", "properties": { "P29_001": "22461", "P29_002": "B122210004572", "P29_003": "16001", "P29_004": "森町立宮園小学校", "P29_005": "静岡県周智郡森町谷中650", "P29_006": "3", "P29_007": "1", "P29_008": "00", "P29_009": null }, "geometry": { "type": "Point", "coordinates": [ 137.899363378457792, 34.817256025316929 ] } },
{ "type": "Feature", "properties": { "P29_001": "22461", "P29_002": "B122210004581", "P29_003": "16001", "P29_004": "森町立森小学校", "P29_005": "静岡県周智郡森町森125", "P29_006": "3", "P29_007": "1", "P29_008": "00", "P29_009": null }, "geometry": { "type": "Point", "coordinates": [ 137.929066100596089, 34.838180388657086 ] } },
{ "type": "Feature", "properties": { "P29_001": "22137", "P29_002": "B122210004616", "P29_003": "16001", "P29_004": "浜松市立犬居小学校", "P29_005": "静岡県浜松市天竜区春野町堀之内993-1", "P29_006": "3", "P29_007": "1", "P29_008": "00", "P29_009": null }, "geometry": { "type": "Point", "coordinates": [ 137.89757028070548, 34.959552112320075 ] } },
{ "type": "Feature", "properties": { "P29_001": "22137", "P29_002": "B122210004625", "P29_003": "16001", "P29_004": "浜松市立気田小学校", "P29_005": "静岡県浜松市天竜区春野町気田603-1", "P29_006": "3", "P29_007": "1", "P29_008": "00", "P29_009": null }, "geometry": { "type": "Point", "coordinates": [ 137.905929486361458, 35.003890519763196 ] } },
{ "type": "Feature", "properties": { "P29_001": "22216", "P29_002": "B122210004634", "P29_003": "16001", "P29_004": "袋井市立浅羽南小学校", "P29_005": "静岡県袋井市西同笠148", "P29_006": "3", "P29_007": "1", "P29_008": "00", "P29_009": null }, "geometry": { "type": "Point", "coordinates": [ 137.934647175501453, 34.68125213481629 ] } },
{ "type": "Feature", "properties": { "P29_001": "22216", "P29_002": "B122210004643", "P29_003": "16001", "P29_004": "袋井市立浅羽北小学校", "P29_005": "静岡県袋井市浅羽1322", "P29_006": "3", "P29_007": "1", "P29_008": "00", "P29_009": null }, "geometry": { "type": "Point", "coordinates": [ 137.921976905071574, 34.708114681429173 ] } },
{ "type": "Feature", "properties": { "P29_001": "22216", "P29_002": "B122210004652", "P29_003": "16001", "P29_004": "袋井市立浅羽東小学校", "P29_005": "静岡県袋井市浅羽2800", "P29_006": "3", "P29_007": "1", "P29_008": "00", "P29_009": null }, "geometry": { "type": "Point", "coordinates": [ 137.927718662867477, 34.720627803547956 ] } },
{ "type": "Feature", "properties": { "P29_001": "22211", "P29_002": "B122210004661", "P29_003": "16001", "P29_004": "磐田市立福田小学校", "P29_005": "静岡県磐田市下太380", "P29_006": "3", "P29_007": "1", "P29_008": "00", "P29_009": null }, "geometry": { "type": "Point", "coordinates": [ 137.876192469484778, 34.683936306096342 ] } },
{ "type": "Feature", "properties": { "P29_001": "22211", "P29_002": "B122210004670", "P29_003": "16001", "P29_004": "磐田市立豊浜小学校", "P29_005": "静岡県磐田市豊浜9", "P29_006": "3", "P29_007": "1", "P29_008": "00", "P29_009": null }, "geometry": { "type": "Point", "coordinates": [ 137.899231272784675, 34.687022084508506 ] } },
{ "type": "Feature", "properties": { "P29_001": "22211", "P29_002": "B122210004689", "P29_003": "16001", "P29_004": "磐田市立竜洋東小学校", "P29_005": "静岡県磐田市中平松23", "P29_006": "3", "P29_007": "1", "P29_008": "00", "P29_009": null }, "geometry": { "type": "Point", "coordinates": [ 137.823173147519526, 34.672677223626977 ] } },
{ "type": "Feature", "properties": { "P29_001": "22211", "P29_002": "B122210004698", "P29_003": "16001", "P29_004": "磐田市立竜洋西小学校", "P29_005": "静岡県磐田市川袋1900", "P29_006": "3", "P29_007": "1", "P29_008": "00", "P29_009": null }, "geometry": { "type": "Point", "coordinates": [ 137.800949072528255, 34.675780667224217 ] } },
{ "type": "Feature", "properties": { "P29_001": "22211", "P29_002": "B122210004705", "P29_003": "16001", "P29_004": "磐田市立竜洋北小学校", "P29_005": "静岡県磐田市堀之内356", "P29_006": "3", "P29_007": "1", "P29_008": "00", "P29_009": null }, "geometry": { "type": "Point", "coordinates": [ 137.810695996921453, 34.694371000279872 ] } },
{ "type": "Feature", "properties": { "P29_001": "22211", "P29_002": "B122210004714", "P29_003": "16001", "P29_004": "磐田市立豊田南小学校", "P29_005": "静岡県磐田市森下300", "P29_006": "3", "P29_007": "1", "P29_008": "00", "P29_009": null }, "geometry": { "type": "Point", "coordinates": [ 137.823043988242233, 34.720486040699193 ] } },
{ "type": "Feature", "properties": { "P29_001": "22211", "P29_002": "B122210004723", "P29_003": "16001", "P29_004": "磐田市立豊田北部小学校", "P29_005": "静岡県磐田市加茂243", "P29_006": "3", "P29_007": "1", "P29_008": "00", "P29_009": null }, "geometry": { "type": "Point", "coordinates": [ 137.828805875988451, 34.734747191172353 ] } },
{ "type": "Feature", "properties": { "P29_001": "22211", "P29_002": "B122210004732", "P29_003": "16001", "P29_004": "磐田市立青城小学校", "P29_005": "静岡県磐田市中田55", "P29_006": "3", "P29_007": "1", "P29_008": "00", "P29_009": null }, "geometry": { "type": "Point", "coordinates": [ 137.824877806442913, 34.714481770496242 ] } },
{ "type": "Feature", "properties": { "P29_001": "22211", "P29_002": "B122210004741", "P29_003": "16001", "P29_004": "磐田市立豊田東小学校", "P29_005": "静岡県磐田市高見丘57", "P29_006": "3", "P29_007": "1", "P29_008": "00", "P29_009": null }, "geometry": { "type": "Point", "coordinates": [ 137.838672003439569, 34.743382375493297 ] } },
{ "type": "Feature", "properties": { "P29_001": "22211", "P29_002": "B122210004750", "P29_003": "16001", "P29_004": "磐田市立豊岡南小学校", "P29_005": "静岡県磐田市上神増1410", "P29_006": "3", "P29_007": "1", "P29_008": "00", "P29_009": null }, "geometry": { "type": "Point", "coordinates": [ 137.847491749211343, 34.815881520346551 ] } },
{ "type": "Feature", "properties": { "P29_001": "22211", "P29_002": "B122210004769", "P29_003": "16001", "P29_004": "磐田市立豊岡北小学校", "P29_005": "静岡県磐田市下野部158-1", "P29_006": "3", "P29_007": "1", "P29_008": "00", "P29_009": null }, "geometry": { "type": "Point", "coordinates": [ 137.843416514876424, 34.836699475696889 ] } },
{ "type": "Feature", "properties": { "P29_001": "22137", "P29_002": "B122210004778", "P29_003": "16001", "P29_004": "浜松市立佐久間小学校", "P29_005": "静岡県浜松市天竜区佐久間町半場50-1", "P29_006": "3", "P29_007": "1", "P29_008": "00", "P29_009": null }, "geometry": { "type": "Point", "coordinates": [ 137.803204457558905, 35.08793487111069 ] } },
{ "type": "Feature", "properties": { "P29_001": "22137", "P29_002": "B122210004787", "P29_003": "16001", "P29_004": "浜松市立浦川小学校", "P29_005": "静岡県浜松市天竜区佐久間町浦川2819", "P29_006": "3", "P29_007": "1", "P29_008": "00", "P29_009": null }, "geometry": { "type": "Point", "coordinates": [ 137.764762712302456, 35.055111088756206 ] } },
{ "type": "Feature", "properties": { "P29_001": "22137", "P29_002": "B122210004796", "P29_003": "16001", "P29_004": "浜松市立水窪小学校", "P29_005": "静岡県浜松市天竜区水窪町奥領家2697-1", "P29_006": "3", "P29_007": "1", "P29_008": "00", "P29_009": null }, "geometry": { "type": "Point", "coordinates": [ 137.86845678462754, 35.160877689002938 ] } },
{ "type": "Feature", "properties": { "P29_001": "22134", "P29_002": "B122210004803", "P29_003": "16001", "P29_004": "浜松市立可美小学校", "P29_005": "静岡県浜松市南区若林町1748", "P29_006": "3", "P29_007": "1", "P29_008": "00", "P29_009": null }, "geometry": { "type": "Point", "coordinates": [ 137.695375391803765, 34.689486298967637 ] } },
{ "type": "Feature", "properties": { "P29_001": "22133", "P29_002": "B122210004812", "P29_003": "16001", "P29_004": "浜松市立舞阪小学校", "P29_005": "静岡県浜松市西区舞阪町舞阪76", "P29_006": "3", "P29_007": "1", "P29_008": "00", "P29_009": null }, "geometry": { "type": "Point", "coordinates": [ 137.610810244391558, 34.685959142600154 ] } },
{ "type": "Feature", "properties": { "P29_001": "22221", "P29_002": "B122210004821", "P29_003": "16001", "P29_004": "湖西市立新居小学校", "P29_005": "静岡県湖西市新居町新居1770", "P29_006": "3", "P29_007": "1", "P29_008": "00", "P29_009": null }, "geometry": { "type": "Point", "coordinates": [ 137.561441002764951, 34.690423996216943 ] } },
{ "type": "Feature", "properties": { "P29_001": "22221", "P29_002": "B122210004830", "P29_003": "16001", "P29_004": "湖西市立鷲津小学校", "P29_005": "静岡県湖西市鷲津670", "P29_006": "3", "P29_007": "1", "P29_008": "00", "P29_009": null }, "geometry": { "type": "Point", "coordinates": [ 137.541118196219173, 34.712906502901113 ] } },
{ "type": "Feature", "properties": { "P29_001": "22221", "P29_002": "B122210004849", "P29_003": "16001", "P29_004": "湖西市立白須賀小学校", "P29_005": "静岡県湖西市白須賀5030", "P29_006": "3", "P29_007": "1", "P29_008": "00", "P29_009": null }, "geometry": { "type": "Point", "coordinates": [ 137.507405817600585, 34.684954857199742 ] } },
{ "type": "Feature", "properties": { "P29_001": "22221", "P29_002": "B122210004858", "P29_003": "16001", "P29_004": "湖西市立東小学校", "P29_005": "静岡県湖西市新所680", "P29_006": "3", "P29_007": "1", "P29_008": "00", "P29_009": null }, "geometry": { "type": "Point", "coordinates": [ 137.535589244777782, 34.740193790686973 ] } },
{ "type": "Feature", "properties": { "P29_001": "22221", "P29_002": "B122210004867", "P29_003": "16001", "P29_004": "湖西市立岡崎小学校", "P29_005": "静岡県湖西市岡崎634-2", "P29_006": "3", "P29_007": "1", "P29_008": "00", "P29_009": null }, "geometry": { "type": "Point", "coordinates": [ 137.502864702357613, 34.724541183023497 ] } },
{ "type": "Feature", "properties": { "P29_001": "22221", "P29_002": "B122210004876", "P29_003": "16001", "P29_004": "湖西市立知波田小学校", "P29_005": "静岡県湖西市大知波1144", "P29_006": "3", "P29_007": "1", "P29_008": "00", "P29_009": null }, "geometry": { "type": "Point", "coordinates": [ 137.510808082335529, 34.758949141265816 ] } },
{ "type": "Feature", "properties": { "P29_001": "22133", "P29_002": "B122210004885", "P29_003": "16001", "P29_004": "浜松市立雄踏小学校", "P29_005": "静岡県浜松市西区雄踏町宇布見7997-1", "P29_006": "3", "P29_007": "1", "P29_008": "00", "P29_009": null }, "geometry": { "type": "Point", "coordinates": [ 137.632736821168152, 34.701722154090639 ] } },
{ "type": "Feature", "properties": { "P29_001": "22135", "P29_002": "B122210004894", "P29_003": "16001", "P29_004": "浜松市立気賀小学校", "P29_005": "静岡県浜松市北区細江町気賀11529-1", "P29_006": "3", "P29_007": "1", "P29_008": "00", "P29_009": null }, "geometry": { "type": "Point", "coordinates": [ 137.65451099919045, 34.810539616424371 ] } },
{ "type": "Feature", "properties": { "P29_001": "22135", "P29_002": "B122210004901", "P29_003": "16001", "P29_004": "浜松市立西気賀小学校", "P29_005": "静岡県浜松市北区細江町気賀9994-1", "P29_006": "3", "P29_007": "1", "P29_008": "00", "P29_009": null }, "geometry": { "type": "Point", "coordinates": [ 137.624152947920606, 34.80193061686888 ] } },
{ "type": "Feature", "properties": { "P29_001": "22135", "P29_002": "B122210004910", "P29_003": "16001", "P29_004": "浜松市立伊目小学校", "P29_005": "静岡県浜松市北区細江町気賀3241", "P29_006": "3", "P29_007": "1", "P29_008": "00", "P29_009": null }, "geometry": { "type": "Point", "coordinates": [ 137.643066212358235, 34.787269568034141 ] } },
{ "type": "Feature", "properties": { "P29_001": "22135", "P29_002": "B122210004929", "P29_003": "16001", "P29_004": "浜松市立中川小学校", "P29_005": "静岡県浜松市北区細江町中川2553", "P29_006": "3", "P29_007": "1", "P29_008": "00", "P29_009": null }, "geometry": { "type": "Point", "coordinates": [ 137.677423788200088, 34.809112756129117 ] } },
{ "type": "Feature", "properties": { "P29_001": "22135", "P29_002": "B122210004938", "P29_003": "16001", "P29_004": "浜松市立井伊谷小学校", "P29_005": "静岡県浜松市北区引佐町井伊谷680", "P29_006": "3", "P29_007": "1", "P29_008": "00", "P29_009": null }, "geometry": { "type": "Point", "coordinates": [ 137.672438820307491, 34.832287262407924 ] } },
{ "type": "Feature", "properties": { "P29_001": "22135", "P29_002": "B122210004947", "P29_003": "16001", "P29_004": "浜松市立金指小学校", "P29_005": "静岡県浜松市北区引佐町金指1369", "P29_006": "3", "P29_007": "1", "P29_008": "00", "P29_009": null }, "geometry": { "type": "Point", "coordinates": [ 137.678378198321724, 34.821346467396623 ] } },
{ "type": "Feature", "properties": { "P29_001": "22135", "P29_002": "B122210004956", "P29_003": "16001", "P29_004": "浜松市立奥山小学校", "P29_005": "静岡県浜松市北区引佐町奥山1101-1", "P29_006": "3", "P29_007": "1", "P29_008": "00", "P29_009": null }, "geometry": { "type": "Point", "coordinates": [ 137.628874294361083, 34.845386356182047 ] } },
{ "type": "Feature", "properties": { "P29_001": "22135", "P29_002": "B122210004965", "P29_003": "16001", "P29_004": "浜松市立引佐北部小学校", "P29_005": "静岡県浜松市北区引佐町四方浄134-6", "P29_006": "3", "P29_007": "1", "P29_008": "00", "P29_009": null }, "geometry": { "type": "Point", "coordinates": [ 137.655522524952204, 34.899040900148862 ] } },
{ "type": "Feature", "properties": { "P29_001": "22135", "P29_002": "B122210004974", "P29_003": "16001", "P29_004": "浜松市立三ヶ日東小学校", "P29_005": "静岡県浜松市北区三ヶ日町都筑2266-2", "P29_006": "3", "P29_007": "1", "P29_008": "00", "P29_009": null }, "geometry": { "type": "Point", "coordinates": [ 137.581838961831039, 34.793381502029703 ] } },
{ "type": "Feature", "properties": { "P29_001": "22135", "P29_002": "B122210004983", "P29_003": "16001", "P29_004": "浜松市立三ヶ日西小学校", "P29_005": "静岡県浜松市北区三ヶ日町三ヶ日301-1", "P29_006": "3", "P29_007": "1", "P29_008": "00", "P29_009": null }, "geometry": { "type": "Point", "coordinates": [ 137.553557998312158, 34.80918199766743 ] } },
{ "type": "Feature", "properties": { "P29_001": "22135", "P29_002": "B122210004992", "P29_003": "16001", "P29_004": "浜松市立平山小学校", "P29_005": "静岡県浜松市北区三ヶ日町平山200", "P29_006": "3", "P29_007": "1", "P29_008": "00", "P29_009": null }, "geometry": { "type": "Point", "coordinates": [ 137.536964051447939, 34.824744443619359 ] } },
{ "type": "Feature", "properties": { "P29_001": "22135", "P29_002": "B122210005009", "P29_003": "16001", "P29_004": "浜松市立尾奈小学校", "P29_005": "静岡県浜松市北区三ヶ日町下尾奈1431", "P29_006": "3", "P29_007": "1", "P29_008": "00", "P29_009": null }, "geometry": { "type": "Point", "coordinates": [ 137.539281732245655, 34.78499160549444 ] } },
{ "type": "Feature", "properties": { "P29_001": "22131", "P29_002": "B122210005018", "P29_003": "16001", "P29_004": "浜松市立双葉小学校", "P29_005": "静岡県浜松市中区海老塚2-5-1", "P29_006": "3", "P29_007": "1", "P29_008": "00", "P29_009": null }, "geometry": { "type": "Point", "coordinates": [ 137.732186478526103, 34.699766159049737 ] } },
{ "type": "Feature", "properties": { "P29_001": "22131", "P29_002": "B122210005027", "P29_003": "16001", "P29_004": "浜松市立中部小学校", "P29_005": "静岡県浜松市中区松城町108-1", "P29_006": "3", "P29_007": "1", "P29_008": "00", "P29_009": null }, "geometry": { "type": "Point", "coordinates": [ 137.722974944386522, 34.713355147229535 ] } },
{ "type": "Feature", "properties": { "P29_001": "22203", "P29_002": "B122210005036", "P29_003": "16001", "P29_004": "沼津市立長井崎小学校", "P29_005": "静岡県沼津市内浦重須字洞畑453", "P29_006": "3", "P29_007": "1", "P29_008": "00", "P29_009": null }, "geometry": { "type": "Point", "coordinates": [ 138.883276071791954, 35.021359588977376 ] } },
{ "type": "Feature", "properties": { "P29_001": "22103", "P29_002": "B122210005045", "P29_003": "16001", "P29_004": "静岡市立清水両河内小学校", "P29_005": "静岡県静岡市清水区和田島303", "P29_006": "3", "P29_007": "1", "P29_008": "00", "P29_009": null }, "geometry": { "type": "Point", "coordinates": [ 138.479190933889271, 35.107816628482283 ] } },
{ "type": "Feature", "properties": { "P29_001": "22208", "P29_002": "B122210005054", "P29_003": "16001", "P29_004": "伊東市立伊東小学校", "P29_005": "静岡県伊東市大原2-2-6", "P29_006": "3", "P29_007": "1", "P29_008": "00", "P29_009": null }, "geometry": { "type": "Point", "coordinates": [ 139.102252417877537, 34.964517902362786 ] } },
{ "type": "Feature", "properties": { "P29_001": "22302", "P29_002": "B122210005063", "P29_003": "16001", "P29_004": "河津町立河津小学校", "P29_005": "静岡県賀茂郡河津町笹原328-1", "P29_006": "3", "P29_007": "1", "P29_008": "00", "P29_009": null }, "geometry": { "type": "Point", "coordinates": [ 138.993171218467268, 34.747952053645015 ] } },
{ "type": "Feature", "properties": { "P29_001": "22429", "P29_002": "B122210005072", "P29_003": "16001", "P29_004": "川根本町立三ツ星小学校", "P29_005": "静岡県榛原郡川根本町上長尾1000", "P29_006": "3", "P29_007": "1", "P29_008": "00", "P29_009": null }, "geometry": { "type": "Point", "coordinates": [ 138.082429767312135, 35.044291098646518 ] } },
{ "type": "Feature", "properties": { "P29_001": "22103", "P29_002": "B122310000011", "P29_003": "16001", "P29_004": "静岡サレジオ小学校", "P29_005": "静岡県静岡市清水区中之郷3-2-1", "P29_006": "4", "P29_007": "1", "P29_008": "00", "P29_009": null }, "geometry": { "type": "Point", "coordinates": [ 138.438465961584569, 35.002520278940551 ] } },
{ "type": "Feature", "properties": { "P29_001": "22103", "P29_002": "B122310000020", "P29_003": "16001", "P29_004": "東海大学付属静岡翔洋小学校", "P29_005": "静岡県静岡市清水区折戸3-20-1", "P29_006": "4", "P29_007": "1", "P29_008": "00", "P29_009": null }, "geometry": { "type": "Point", "coordinates": [ 138.513639640882161, 34.988245181625132 ] } },
{ "type": "Feature", "properties": { "P29_001": "22203", "P29_002": "B122310000039", "P29_003": "16001", "P29_004": "加藤学園暁秀初等学校", "P29_005": "静岡県沼津市大岡自由ヶ丘1979", "P29_006": "4", "P29_007": "1", "P29_008": "00", "P29_009": null }, "geometry": { "type": "Point", "coordinates": [ 138.868951619887156, 35.117490887246376 ] } },
{ "type": "Feature", "properties": { "P29_001": "22101", "P29_002": "B122310000048", "P29_003": "16001", "P29_004": "常葉大学教育学部附属橘小学校", "P29_005": "静岡県静岡市葵区瀬名1-22-1", "P29_006": "4", "P29_007": "1", "P29_008": "00", "P29_009": null }, "geometry": { "type": "Point", "coordinates": [ 138.429842661378217, 35.011261950496021 ] } },
{ "type": "Feature", "properties": { "P29_001": "22135", "P29_002": "B122310000057", "P29_003": "16001", "P29_004": "聖隷クリストファー小学校", "P29_005": "静岡県浜松市北区三方原町3453", "P29_006": "4", "P29_007": "1", "P29_008": "00", "P29_009": null }, "geometry": { "type": "Point", "coordinates": [ 137.696184691579305, 34.792016653960694 ] } }
]
}
