{
"type": "FeatureCollection",
"name": "geo_22_幼稚園",
"crs": { "type": "name", "properties": { "name": "urn:ogc:def:crs:EPSG::6668" } },
"features": [
{ "type": "Feature", "properties": { "P29_001": "22101", "P29_002": "A122110000017", "P29_003": "16011", "P29_004": "静岡大学教育学部附属幼稚園", "P29_005": "静岡県静岡市葵区大岩町1-10", "P29_006": "1", "P29_007": "0", "P29_008": "00", "P29_009": null }, "geometry": { "type": "Point", "coordinates": [ 138.379437934047786, 34.991235683963112 ] } },
{ "type": "Feature", "properties": { "P29_001": "22203", "P29_002": "A122210000015", "P29_003": "16011", "P29_004": "沼津市立大平幼稚園", "P29_005": "静岡県沼津市大平2205-1", "P29_006": "3", "P29_007": "0", "P29_008": "00", "P29_009": null }, "geometry": { "type": "Point", "coordinates": [ 138.910261001470474, 35.077626001106367 ] } },
{ "type": "Feature", "properties": { "P29_001": "22205", "P29_002": "A122210000024", "P29_003": "16011", "P29_004": "熱海市立伊豆山幼稚園", "P29_005": "静岡県熱海市伊豆山711", "P29_006": "3", "P29_007": "0", "P29_008": "00", "P29_009": null }, "geometry": { "type": "Point", "coordinates": [ 139.084506393440449, 35.115823871651202 ] } },
{ "type": "Feature", "properties": { "P29_001": "22205", "P29_002": "A122210000042", "P29_003": "16011", "P29_004": "熱海市立多賀幼稚園", "P29_005": "静岡県熱海市下多賀918-1", "P29_006": "3", "P29_007": "0", "P29_008": "00", "P29_009": null }, "geometry": { "type": "Point", "coordinates": [ 139.069799059526645, 35.049713806419966 ] } },
{ "type": "Feature", "properties": { "P29_001": "22205", "P29_002": "A122210000051", "P29_003": "16011", "P29_004": "熱海市立泉幼稚園", "P29_005": "静岡県熱海市泉52-1", "P29_006": "3", "P29_007": "0", "P29_008": "00", "P29_009": null }, "geometry": { "type": "Point", "coordinates": [ 139.076690923812095, 35.143052147805207 ] } },
{ "type": "Feature", "properties": { "P29_001": "22206", "P29_002": "A122210000060", "P29_003": "16011", "P29_004": "三島市立東幼稚園", "P29_005": "静岡県三島市東町10-12", "P29_006": "3", "P29_007": "0", "P29_008": "00", "P29_009": null }, "geometry": { "type": "Point", "coordinates": [ 138.924628101011194, 35.117331962839771 ] } },
{ "type": "Feature", "properties": { "P29_001": "22206", "P29_002": "A122210000088", "P29_003": "16011", "P29_004": "三島市立南幼稚園", "P29_005": "静岡県三島市青木265", "P29_006": "3", "P29_007": "0", "P29_008": "00", "P29_009": null }, "geometry": { "type": "Point", "coordinates": [ 138.918890003191507, 35.107642002115853 ] } },
{ "type": "Feature", "properties": { "P29_001": "22206", "P29_002": "A122210000097", "P29_003": "16011", "P29_004": "三島市立北幼稚園", "P29_005": "静岡県三島市文教町1-4-1", "P29_006": "3", "P29_007": "0", "P29_008": "00", "P29_009": null }, "geometry": { "type": "Point", "coordinates": [ 138.913289998264617, 35.130937002693003 ] } },
{ "type": "Feature", "properties": { "P29_001": "22206", "P29_002": "A122210000104", "P29_003": "16011", "P29_004": "三島市立錦田幼稚園", "P29_005": "静岡県三島市谷田271-1", "P29_006": "3", "P29_007": "0", "P29_008": "00", "P29_009": null }, "geometry": { "type": "Point", "coordinates": [ 138.934348392742436, 35.113811518646138 ] } },
{ "type": "Feature", "properties": { "P29_001": "22206", "P29_002": "A122210000113", "P29_003": "16011", "P29_004": "三島市立徳倉幼稚園", "P29_005": "静岡県三島市徳倉4-1-8", "P29_006": "3", "P29_007": "0", "P29_008": "00", "P29_009": null }, "geometry": { "type": "Point", "coordinates": [ 138.914192293659141, 35.142028224267577 ] } },
{ "type": "Feature", "properties": { "P29_001": "22206", "P29_002": "A122210000122", "P29_003": "16011", "P29_004": "三島市立松本幼稚園", "P29_005": "静岡県三島市松本99-1", "P29_006": "3", "P29_007": "0", "P29_008": "00", "P29_009": null }, "geometry": { "type": "Point", "coordinates": [ 138.919072964710665, 35.088563332655646 ] } },
{ "type": "Feature", "properties": { "P29_001": "22206", "P29_002": "A122210000131", "P29_003": "16011", "P29_004": "三島市立坂幼稚園", "P29_005": "静岡県三島市市山新田153-1", "P29_006": "3", "P29_007": "0", "P29_008": "00", "P29_009": null }, "geometry": { "type": "Point", "coordinates": [ 138.960799997540647, 35.13711599636347 ] } },
{ "type": "Feature", "properties": { "P29_001": "22206", "P29_002": "A122210000140", "P29_003": "16011", "P29_004": "三島市立大場幼稚園", "P29_005": "静岡県三島市大場365", "P29_006": "3", "P29_007": "0", "P29_008": "00", "P29_009": null }, "geometry": { "type": "Point", "coordinates": [ 138.943348235566475, 35.097947184653137 ] } },
{ "type": "Feature", "properties": { "P29_001": "22206", "P29_002": "A122210000159", "P29_003": "16011", "P29_004": "三島市立旭ケ丘幼稚園", "P29_005": "静岡県三島市旭ヶ丘23-31", "P29_006": "3", "P29_007": "0", "P29_008": "00", "P29_009": null }, "geometry": { "type": "Point", "coordinates": [ 138.933363001889404, 35.13052699957251 ] } },
{ "type": "Feature", "properties": { "P29_001": "22206", "P29_002": "A122210000168", "P29_003": "16011", "P29_004": "三島市立沢地幼稚園", "P29_005": "静岡県三島市沢地257", "P29_006": "3", "P29_007": "0", "P29_008": "00", "P29_009": null }, "geometry": { "type": "Point", "coordinates": [ 138.927211620355479, 35.142659888460074 ] } },
{ "type": "Feature", "properties": { "P29_001": "22208", "P29_002": "A122210000177", "P29_003": "16011", "P29_004": "伊東市立伊東幼稚園", "P29_005": "静岡県伊東市桜木町1-1-17", "P29_006": "3", "P29_007": "0", "P29_008": "00", "P29_009": null }, "geometry": { "type": "Point", "coordinates": [ 139.094387381301914, 34.967112365921736 ] } },
{ "type": "Feature", "properties": { "P29_001": "22208", "P29_002": "A122210000186", "P29_003": "16011", "P29_004": "伊東市立伊東幼稚園湯川分園", "P29_005": "静岡県伊東市湯川2-11-30", "P29_006": "3", "P29_007": "0", "P29_008": "00", "P29_009": null }, "geometry": { "type": "Point", "coordinates": [ 139.095449669781914, 34.974038458890689 ] } },
{ "type": "Feature", "properties": { "P29_001": "22208", "P29_002": "A122210000195", "P29_003": "16011", "P29_004": "伊東市立竹の台幼稚園", "P29_005": "静岡県伊東市竹の台3-11", "P29_006": "3", "P29_007": "0", "P29_008": "00", "P29_009": null }, "geometry": { "type": "Point", "coordinates": [ 139.099281572300725, 34.967684629171139 ] } },
{ "type": "Feature", "properties": { "P29_001": "22208", "P29_002": "A122210000202", "P29_003": "16011", "P29_004": "伊東市立鎌田幼稚園", "P29_005": "静岡県伊東市岡66-1", "P29_006": "3", "P29_007": "0", "P29_008": "00", "P29_009": null }, "geometry": { "type": "Point", "coordinates": [ 139.089307005369534, 34.952145996789227 ] } },
{ "type": "Feature", "properties": { "P29_001": "22208", "P29_002": "A122210000211", "P29_003": "16011", "P29_004": "伊東市立川奈幼稚園", "P29_005": "静岡県伊東市川奈878-1", "P29_006": "3", "P29_007": "0", "P29_008": "00", "P29_009": null }, "geometry": { "type": "Point", "coordinates": [ 139.132106999509233, 34.950739001692533 ] } },
{ "type": "Feature", "properties": { "P29_001": "22208", "P29_002": "A122210000220", "P29_003": "16011", "P29_004": "伊東市立宇佐美幼稚園", "P29_005": "静岡県伊東市宇佐美1602-2", "P29_006": "3", "P29_007": "0", "P29_008": "00", "P29_009": null }, "geometry": { "type": "Point", "coordinates": [ 139.079664626921385, 35.007830850312409 ] } },
{ "type": "Feature", "properties": { "P29_001": "22208", "P29_002": "A122210000239", "P29_003": "16011", "P29_004": "伊東市立八幡野幼稚園", "P29_005": "静岡県伊東市八幡野1189-55", "P29_006": "3", "P29_007": "0", "P29_008": "00", "P29_009": null }, "geometry": { "type": "Point", "coordinates": [ 139.104223910197277, 34.875898741386543 ] } },
{ "type": "Feature", "properties": { "P29_001": "22208", "P29_002": "A122210000248", "P29_003": "16011", "P29_004": "伊東市立富戸幼稚園", "P29_005": "静岡県伊東市富戸594", "P29_006": "3", "P29_007": "0", "P29_008": "00", "P29_009": null }, "geometry": { "type": "Point", "coordinates": [ 139.133914945833368, 34.908217485978064 ] } },
{ "type": "Feature", "properties": { "P29_001": "22208", "P29_002": "A122210000257", "P29_003": "16011", "P29_004": "伊東市立池幼稚園", "P29_005": "静岡県伊東市池469-4", "P29_006": "3", "P29_007": "0", "P29_008": "00", "P29_009": null }, "geometry": { "type": "Point", "coordinates": [ 139.085400068779308, 34.893556032603605 ] } },
{ "type": "Feature", "properties": { "P29_001": "22208", "P29_002": "A122210000266", "P29_003": "16011", "P29_004": "伊東市立南幼稚園", "P29_005": "静岡県伊東市川奈1190-3", "P29_006": "3", "P29_007": "0", "P29_008": "00", "P29_009": null }, "geometry": { "type": "Point", "coordinates": [ 139.125371818174102, 34.94728003328283 ] } },
{ "type": "Feature", "properties": { "P29_001": "22208", "P29_002": "A122210000275", "P29_003": "16011", "P29_004": "伊東市立吉田幼稚園", "P29_005": "静岡県伊東市吉田452", "P29_006": "3", "P29_007": "0", "P29_008": "00", "P29_009": null }, "geometry": { "type": "Point", "coordinates": [ 139.117540271036688, 34.933657398905567 ] } },
{ "type": "Feature", "properties": { "P29_001": "22208", "P29_002": "A122210000284", "P29_003": "16011", "P29_004": "伊東市立南幼稚園富士見分園", "P29_005": "静岡県伊東市玖須美元和田729-1", "P29_006": "3", "P29_007": "0", "P29_008": "00", "P29_009": null }, "geometry": { "type": "Point", "coordinates": [ 139.107036779988164, 34.953278080649369 ] } },
{ "type": "Feature", "properties": { "P29_001": "22208", "P29_002": "A122210000293", "P29_003": "16011", "P29_004": "伊東市立荻幼稚園", "P29_005": "静岡県伊東市荻18-1", "P29_006": "3", "P29_007": "0", "P29_008": "00", "P29_009": null }, "geometry": { "type": "Point", "coordinates": [ 139.091085718924319, 34.932563954829156 ] } },
{ "type": "Feature", "properties": { "P29_001": "22208", "P29_002": "A122210000300", "P29_003": "16011", "P29_004": "伊東市立宇佐美幼稚園宮川分園", "P29_005": "静岡県伊東市宇佐美2769", "P29_006": "3", "P29_007": "0", "P29_008": "00", "P29_009": null }, "geometry": { "type": "Point", "coordinates": [ 139.079300813543938, 35.002699526658844 ] } },
{ "type": "Feature", "properties": { "P29_001": "22210", "P29_002": "A122210000319", "P29_003": "16011", "P29_004": "富士市立昭和幼稚園", "P29_005": "静岡県富士市比奈160", "P29_006": "3", "P29_007": "0", "P29_008": "00", "P29_009": null }, "geometry": { "type": "Point", "coordinates": [ 138.720894997488301, 35.164300997648674 ] } },
{ "type": "Feature", "properties": { "P29_001": "22210", "P29_002": "A122210000346", "P29_003": "16011", "P29_004": "富士市立田子浦幼稚園", "P29_005": "静岡県富士市川成島138-1", "P29_006": "3", "P29_007": "0", "P29_008": "00", "P29_009": null }, "geometry": { "type": "Point", "coordinates": [ 138.671592721537934, 35.137164012382925 ] } },
{ "type": "Feature", "properties": { "P29_001": "22210", "P29_002": "A122210000355", "P29_003": "16011", "P29_004": "富士市立岩松幼稚園", "P29_005": "静岡県富士市松岡804", "P29_006": "3", "P29_007": "0", "P29_008": "00", "P29_009": null }, "geometry": { "type": "Point", "coordinates": [ 138.633290002830449, 35.166419004659559 ] } },
{ "type": "Feature", "properties": { "P29_001": "22210", "P29_002": "A122210000373", "P29_003": "16011", "P29_004": "富士市立天間幼稚園", "P29_005": "静岡県富士市天間1047-1", "P29_006": "3", "P29_007": "0", "P29_008": "00", "P29_009": null }, "geometry": { "type": "Point", "coordinates": [ 138.642785928890476, 35.209116698749305 ] } },
{ "type": "Feature", "properties": { "P29_001": "22215", "P29_002": "A122210000382", "P29_003": "16011", "P29_004": "御殿場市立御殿場幼稚園", "P29_005": "静岡県御殿場市二枚橋260-1", "P29_006": "3", "P29_007": "0", "P29_008": "00", "P29_009": null }, "geometry": { "type": "Point", "coordinates": [ 138.938774613554216, 35.308661292089049 ] } },
{ "type": "Feature", "properties": { "P29_001": "22215", "P29_002": "A122210000391", "P29_003": "16011", "P29_004": "御殿場市立原里幼稚園", "P29_005": "静岡県御殿場市川島田1917-2", "P29_006": "3", "P29_007": "0", "P29_008": "00", "P29_009": null }, "geometry": { "type": "Point", "coordinates": [ 138.906173996517026, 35.300496999520924 ] } },
{ "type": "Feature", "properties": { "P29_001": "22215", "P29_002": "A122210000408", "P29_003": "16011", "P29_004": "御殿場市立玉穂幼稚園", "P29_005": "静岡県御殿場市中畑426-1", "P29_006": "3", "P29_007": "0", "P29_008": "00", "P29_009": null }, "geometry": { "type": "Point", "coordinates": [ 138.90754792840761, 35.316608998475097 ] } },
{ "type": "Feature", "properties": { "P29_001": "22215", "P29_002": "A122210000426", "P29_003": "16011", "P29_004": "御殿場市立富士岡幼稚園", "P29_005": "静岡県御殿場市中清水119", "P29_006": "3", "P29_007": "0", "P29_008": "00", "P29_009": null }, "geometry": { "type": "Point", "coordinates": [ 138.918747891627874, 35.257299342024943 ] } },
{ "type": "Feature", "properties": { "P29_001": "22215", "P29_002": "A122210000435", "P29_003": "16011", "P29_004": "御殿場市立森之腰幼稚園", "P29_005": "静岡県御殿場市川島田451-3", "P29_006": "3", "P29_007": "0", "P29_008": "00", "P29_009": null }, "geometry": { "type": "Point", "coordinates": [ 138.927143606354377, 35.296375030980329 ] } },
{ "type": "Feature", "properties": { "P29_001": "22215", "P29_002": "A122210000444", "P29_003": "16011", "P29_004": "御殿場市立竃幼稚園", "P29_005": "静岡県御殿場市竃154-1", "P29_006": "3", "P29_007": "0", "P29_008": "00", "P29_009": null }, "geometry": { "type": "Point", "coordinates": [ 138.926674346007331, 35.274981939251084 ] } },
{ "type": "Feature", "properties": { "P29_001": "22302", "P29_002": "A122210000471", "P29_003": "16011", "P29_004": "河津町立さくら幼稚園", "P29_005": "静岡県賀茂郡河津町笹原328-1", "P29_006": "3", "P29_007": "0", "P29_008": "00", "P29_009": null }, "geometry": { "type": "Point", "coordinates": [ 138.993678283771033, 34.74769470591562 ] } },
{ "type": "Feature", "properties": { "P29_001": "22305", "P29_002": "A122210000499", "P29_003": "16011", "P29_004": "松崎町立松崎幼稚園", "P29_005": "静岡県賀茂郡松崎町岩科北側447-2", "P29_006": "3", "P29_007": "0", "P29_008": "00", "P29_009": null }, "geometry": { "type": "Point", "coordinates": [ 138.785376028633209, 34.736671963896057 ] } },
{ "type": "Feature", "properties": { "P29_001": "22225", "P29_002": "A122210000505", "P29_003": "16011", "P29_004": "伊豆の国市立長岡幼稚園", "P29_005": "静岡県伊豆の国市長岡1212", "P29_006": "3", "P29_007": "0", "P29_008": "00", "P29_009": null }, "geometry": { "type": "Point", "coordinates": [ 138.939143997765683, 35.031934996261846 ] } },
{ "type": "Feature", "properties": { "P29_001": "22325", "P29_002": "A122210000523", "P29_003": "16011", "P29_004": "函南町立春光幼稚園", "P29_005": "静岡県田方郡函南町仁田613-2", "P29_006": "3", "P29_007": "0", "P29_008": "00", "P29_009": null }, "geometry": { "type": "Point", "coordinates": [ 138.94900373512516, 35.081573133516223 ] } },
{ "type": "Feature", "properties": { "P29_001": "22325", "P29_002": "A122210000532", "P29_003": "16011", "P29_004": "函南町立丹那幼稚園", "P29_005": "静岡県田方郡函南町丹那445-1", "P29_006": "3", "P29_007": "0", "P29_008": "00", "P29_009": null }, "geometry": { "type": "Point", "coordinates": [ 139.018715383785008, 35.1059854807378 ] } },
{ "type": "Feature", "properties": { "P29_001": "22325", "P29_002": "A122210000541", "P29_003": "16011", "P29_004": "函南町立二葉こども園", "P29_005": "静岡県田方郡函南町上沢658-35", "P29_006": "3", "P29_007": "0", "P29_008": "00", "P29_009": null }, "geometry": { "type": "Point", "coordinates": [ 138.960047102705715, 35.10232016994371 ] } },
{ "type": "Feature", "properties": { "P29_001": "22325", "P29_002": "A122210000550", "P29_003": "16011", "P29_004": "函南町立間宮幼稚園", "P29_005": "静岡県田方郡函南町間宮865-5", "P29_006": "3", "P29_007": "0", "P29_008": "00", "P29_009": null }, "geometry": { "type": "Point", "coordinates": [ 138.940419001159853, 35.087898598464569 ] } },
{ "type": "Feature", "properties": { "P29_001": "22325", "P29_002": "A122210000569", "P29_003": "16011", "P29_004": "函南町立みのり幼稚園", "P29_005": "静岡県田方郡函南町肥田677-1", "P29_006": "3", "P29_007": "0", "P29_008": "00", "P29_009": null }, "geometry": { "type": "Point", "coordinates": [ 138.931243996246593, 35.07280899696795 ] } },
{ "type": "Feature", "properties": { "P29_001": "22325", "P29_002": "A122210000578", "P29_003": "16011", "P29_004": "函南町立自由ケ丘幼稚園", "P29_005": "静岡県田方郡函南町平井1041-1", "P29_006": "3", "P29_007": "0", "P29_008": "00", "P29_009": null }, "geometry": { "type": "Point", "coordinates": [ 138.960271238517095, 35.091119715114573 ] } },
{ "type": "Feature", "properties": { "P29_001": "22225", "P29_002": "A122210000587", "P29_003": "16011", "P29_004": "伊豆の国市立共和幼稚園", "P29_005": "静岡県伊豆の国市中773-1", "P29_006": "3", "P29_007": "0", "P29_008": "00", "P29_009": null }, "geometry": { "type": "Point", "coordinates": [ 138.951869005793384, 35.038209000194279 ] } },
{ "type": "Feature", "properties": { "P29_001": "22225", "P29_002": "A122210000596", "P29_003": "16011", "P29_004": "伊豆の国市立富士美幼稚園", "P29_005": "静岡県伊豆の国市原木1343", "P29_006": "3", "P29_007": "0", "P29_008": "00", "P29_009": null }, "geometry": { "type": "Point", "coordinates": [ 138.949264329834222, 35.065031347566311 ] } },
{ "type": "Feature", "properties": { "P29_001": "22225", "P29_002": "A122210000603", "P29_003": "16011", "P29_004": "伊豆の国市立のぞみ幼稚園", "P29_005": "静岡県伊豆の国市吉田416-1", "P29_006": "3", "P29_007": "0", "P29_008": "00", "P29_009": null }, "geometry": { "type": "Point", "coordinates": [ 138.941772943990344, 35.002464497168759 ] } },
{ "type": "Feature", "properties": { "P29_001": "22225", "P29_002": "A122210000612", "P29_003": "16011", "P29_004": "伊豆の国市立田京幼稚園", "P29_005": "静岡県伊豆の国市田京238-21", "P29_006": "3", "P29_007": "0", "P29_008": "00", "P29_009": null }, "geometry": { "type": "Point", "coordinates": [ 138.942690630030228, 35.015220587577701 ] } },
{ "type": "Feature", "properties": { "P29_001": "22341", "P29_002": "A122210000621", "P29_003": "16011", "P29_004": "清水町立清水幼稚園", "P29_005": "静岡県駿東郡清水町堂庭95-1", "P29_006": "3", "P29_007": "0", "P29_008": "00", "P29_009": null }, "geometry": { "type": "Point", "coordinates": [ 138.907598542211531, 35.102426746645641 ] } },
{ "type": "Feature", "properties": { "P29_001": "22341", "P29_002": "A122210000630", "P29_003": "16011", "P29_004": "清水町立清水北幼稚園", "P29_005": "静岡県駿東郡清水町伏見647-2", "P29_006": "3", "P29_007": "0", "P29_008": "00", "P29_009": null }, "geometry": { "type": "Point", "coordinates": [ 138.899159057691264, 35.113329467608857 ] } },
{ "type": "Feature", "properties": { "P29_001": "22341", "P29_002": "A122210000649", "P29_003": "16011", "P29_004": "清水町立清水南幼稚園", "P29_005": "静岡県駿東郡清水町中徳倉30", "P29_006": "3", "P29_007": "0", "P29_008": "00", "P29_009": null }, "geometry": { "type": "Point", "coordinates": [ 138.895253349810588, 35.088673486095637 ] } },
{ "type": "Feature", "properties": { "P29_001": "22341", "P29_002": "A122210000658", "P29_003": "16011", "P29_004": "清水町立清水西幼稚園", "P29_005": "静岡県駿東郡清水町長沢238-1", "P29_006": "3", "P29_007": "0", "P29_008": "00", "P29_009": null }, "geometry": { "type": "Point", "coordinates": [ 138.897670004283384, 35.104381002564729 ] } },
{ "type": "Feature", "properties": { "P29_001": "22342", "P29_002": "A122210000667", "P29_003": "16011", "P29_004": "長泉町立長泉幼稚園", "P29_005": "静岡県駿東郡長泉町下土狩830", "P29_006": "3", "P29_007": "0", "P29_008": "00", "P29_009": null }, "geometry": { "type": "Point", "coordinates": [ 138.897622971425534, 35.133170827855906 ] } },
{ "type": "Feature", "properties": { "P29_001": "22342", "P29_002": "A122210000685", "P29_003": "16011", "P29_004": "長泉町立東幼稚園", "P29_005": "静岡県駿東郡長泉町下土狩162-1", "P29_006": "3", "P29_007": "0", "P29_008": "00", "P29_009": null }, "geometry": { "type": "Point", "coordinates": [ 138.901852776338643, 35.121425570386627 ] } },
{ "type": "Feature", "properties": { "P29_001": "22342", "P29_002": "A122210000694", "P29_003": "16011", "P29_004": "長泉町立桃沢幼稚園", "P29_005": "静岡県駿東郡長泉町元長窪24", "P29_006": "3", "P29_007": "0", "P29_008": "00", "P29_009": null }, "geometry": { "type": "Point", "coordinates": [ 138.872455559499087, 35.154398646555151 ] } },
{ "type": "Feature", "properties": { "P29_001": "22220", "P29_002": "A122210000701", "P29_003": "16011", "P29_004": "裾野市立富岡第一幼稚園", "P29_005": "静岡県裾野市御宿682-14", "P29_006": "3", "P29_007": "0", "P29_008": "00", "P29_009": null }, "geometry": { "type": "Point", "coordinates": [ 138.905135898971679, 35.20261047280475 ] } },
{ "type": "Feature", "properties": { "P29_001": "22220", "P29_002": "A122210000729", "P29_003": "16011", "P29_004": "裾野市立須山幼稚園", "P29_005": "静岡県裾野市須山158-1", "P29_006": "3", "P29_007": "0", "P29_008": "00", "P29_009": null }, "geometry": { "type": "Point", "coordinates": [ 138.84637905458959, 35.249235994018761 ] } },
{ "type": "Feature", "properties": { "P29_001": "22220", "P29_002": "A122210000738", "P29_003": "16011", "P29_004": "裾野市立いずみ幼稚園", "P29_005": "静岡県裾野市稲荷123-1", "P29_006": "3", "P29_007": "0", "P29_008": "00", "P29_009": null }, "geometry": { "type": "Point", "coordinates": [ 138.913655103832269, 35.177593618137742 ] } },
{ "type": "Feature", "properties": { "P29_001": "22220", "P29_002": "A122210000747", "P29_003": "16011", "P29_004": "裾野市立西幼稚園", "P29_005": "静岡県裾野市佐野1470", "P29_006": "3", "P29_007": "0", "P29_008": "00", "P29_009": null }, "geometry": { "type": "Point", "coordinates": [ 138.904530980164793, 35.173425206370069 ] } },
{ "type": "Feature", "properties": { "P29_001": "22220", "P29_002": "A122210000756", "P29_003": "16011", "P29_004": "裾野市立深良幼稚園", "P29_005": "静岡県裾野市深良696", "P29_006": "3", "P29_007": "0", "P29_008": "00", "P29_009": null }, "geometry": { "type": "Point", "coordinates": [ 138.917357032486194, 35.205987018149116 ] } },
{ "type": "Feature", "properties": { "P29_001": "22212", "P29_002": "A122210000765", "P29_003": "16011", "P29_004": "焼津市立大富幼稚園", "P29_005": "静岡県焼津市中根新田638", "P29_006": "3", "P29_007": "0", "P29_008": "00", "P29_009": null }, "geometry": { "type": "Point", "coordinates": [ 138.293771002650715, 34.833727001633434 ] } },
{ "type": "Feature", "properties": { "P29_001": "22212", "P29_002": "A122210000783", "P29_003": "16011", "P29_004": "焼津市立さつき幼稚園", "P29_005": "静岡県焼津市大覚寺3-5-1", "P29_006": "3", "P29_007": "0", "P29_008": "00", "P29_009": null }, "geometry": { "type": "Point", "coordinates": [ 138.300758994878464, 34.87346400273146 ] } },
{ "type": "Feature", "properties": { "P29_001": "22213", "P29_002": "A122210000792", "P29_003": "16011", "P29_004": "掛川市立さかがわ幼稚園", "P29_005": "静岡県掛川市伊達方474-1", "P29_006": "3", "P29_007": "0", "P29_008": "00", "P29_009": null }, "geometry": { "type": "Point", "coordinates": [ 138.06385388552215, 34.785953754853765 ] } },
{ "type": "Feature", "properties": { "P29_001": "22213", "P29_002": "A122210000809", "P29_003": "16011", "P29_004": "掛川市立三笠幼稚園", "P29_005": "静岡県掛川市上西郷4116", "P29_006": "3", "P29_007": "0", "P29_008": "00", "P29_009": null }, "geometry": { "type": "Point", "coordinates": [ 138.017417356369634, 34.810930862743525 ] } },
{ "type": "Feature", "properties": { "P29_001": "22210", "P29_002": "A122210000818", "P29_003": "16011", "P29_004": "富士市立富士川第一幼稚園", "P29_005": "静岡県富士市岩淵107", "P29_006": "3", "P29_007": "0", "P29_008": "00", "P29_009": null }, "geometry": { "type": "Point", "coordinates": [ 138.617961625063316, 35.148726426963307 ] } },
{ "type": "Feature", "properties": { "P29_001": "22212", "P29_002": "A122210000827", "P29_003": "16011", "P29_004": "焼津市立静浜幼稚園", "P29_005": "静岡県焼津市宗高88", "P29_006": "3", "P29_007": "0", "P29_008": "00", "P29_009": null }, "geometry": { "type": "Point", "coordinates": [ 138.284082759778471, 34.813814831053037 ] } },
{ "type": "Feature", "properties": { "P29_001": "22212", "P29_002": "A122210000836", "P29_003": "16011", "P29_004": "焼津市立大井川西幼稚園", "P29_005": "静岡県焼津市下江留2300-1", "P29_006": "3", "P29_007": "0", "P29_008": "00", "P29_009": null }, "geometry": { "type": "Point", "coordinates": [ 138.266374100901089, 34.814626778751759 ] } },
{ "type": "Feature", "properties": { "P29_001": "22212", "P29_002": "A122210000845", "P29_003": "16011", "P29_004": "焼津市立大井川南幼稚園", "P29_005": "静岡県焼津市吉永334-2", "P29_006": "3", "P29_007": "0", "P29_008": "00", "P29_009": null }, "geometry": { "type": "Point", "coordinates": [ 138.29019827638308, 34.796030053206081 ] } },
{ "type": "Feature", "properties": { "P29_001": "22212", "P29_002": "A122210000854", "P29_003": "16011", "P29_004": "焼津市立静浜幼稚園下藤分園", "P29_005": "静岡県焼津市下小杉1361", "P29_006": "3", "P29_007": "0", "P29_008": "00", "P29_009": null }, "geometry": { "type": "Point", "coordinates": [ 138.307049299382015, 34.810859633999812 ] } },
{ "type": "Feature", "properties": { "P29_001": "22223", "P29_002": "A122210000863", "P29_003": "16011", "P29_004": "御前崎市立白羽幼稚園", "P29_005": "静岡県御前崎市白羽3520-46", "P29_006": "3", "P29_007": "0", "P29_008": "00", "P29_009": null }, "geometry": { "type": "Point", "coordinates": [ 138.188442629833531, 34.611359072442383 ] } },
{ "type": "Feature", "properties": { "P29_001": "22226", "P29_002": "A122210000872", "P29_003": "16011", "P29_004": "牧之原市立地頭方幼稚園", "P29_005": "静岡県牧之原市地頭方281", "P29_006": "3", "P29_007": "0", "P29_008": "00", "P29_009": null }, "geometry": { "type": "Point", "coordinates": [ 138.189368580476128, 34.631906139744437 ] } },
{ "type": "Feature", "properties": { "P29_001": "22223", "P29_002": "A122210000934", "P29_003": "16011", "P29_004": "御前崎市立北こども園", "P29_005": "静岡県御前崎市上朝比奈2692-12", "P29_006": "3", "P29_007": "0", "P29_008": "00", "P29_009": null }, "geometry": { "type": "Point", "coordinates": [ 138.147813462200389, 34.669393047945277 ] } },
{ "type": "Feature", "properties": { "P29_001": "22223", "P29_002": "A122210000943", "P29_003": "16011", "P29_004": "御前崎市立池新田幼稚園", "P29_005": "静岡県御前崎市池新田5814", "P29_006": "3", "P29_007": "0", "P29_008": "00", "P29_009": null }, "geometry": { "type": "Point", "coordinates": [ 138.130747602209908, 34.638712757132062 ] } },
{ "type": "Feature", "properties": { "P29_001": "22223", "P29_002": "A122210000952", "P29_003": "16011", "P29_004": "御前崎市立高松幼稚園", "P29_005": "静岡県御前崎市門屋2070-103", "P29_006": "3", "P29_007": "0", "P29_008": "00", "P29_009": null }, "geometry": { "type": "Point", "coordinates": [ 138.101949274877825, 34.653624891958806 ] } },
{ "type": "Feature", "properties": { "P29_001": "22224", "P29_002": "A122210000961", "P29_003": "16011", "P29_004": "菊川市立小笠北幼稚園", "P29_005": "静岡県菊川市嶺田85", "P29_006": "3", "P29_007": "0", "P29_008": "00", "P29_009": null }, "geometry": { "type": "Point", "coordinates": [ 138.081809995422361, 34.69852100366743 ] } },
{ "type": "Feature", "properties": { "P29_001": "22134", "P29_002": "A122210000970", "P29_003": "16011", "P29_004": "浜松市立南の星幼稚園", "P29_005": "静岡県浜松市南区西島町1148-1", "P29_006": "3", "P29_007": "0", "P29_008": "00", "P29_009": null }, "geometry": { "type": "Point", "coordinates": [ 137.769151660926809, 34.662574354204622 ] } },
{ "type": "Feature", "properties": { "P29_001": "22132", "P29_002": "A122210000989", "P29_003": "16011", "P29_004": "浜松市立和田幼稚園", "P29_005": "静岡県浜松市東区薬師町291", "P29_006": "3", "P29_007": "0", "P29_008": "00", "P29_009": null }, "geometry": { "type": "Point", "coordinates": [ 137.783248198858274, 34.725415848404175 ] } },
{ "type": "Feature", "properties": { "P29_001": "22132", "P29_002": "A122210000998", "P29_003": "16011", "P29_004": "浜松市立与進幼稚園", "P29_005": "静岡県浜松市東区市野町2404-1", "P29_006": "3", "P29_007": "0", "P29_008": "00", "P29_009": null }, "geometry": { "type": "Point", "coordinates": [ 137.770606791042155, 34.741741723467854 ] } },
{ "type": "Feature", "properties": { "P29_001": "22132", "P29_002": "A122210001005", "P29_003": "16011", "P29_004": "浜松市立豊西幼稚園", "P29_005": "静岡県浜松市東区豊西町1551", "P29_006": "3", "P29_007": "0", "P29_008": "00", "P29_009": null }, "geometry": { "type": "Point", "coordinates": [ 137.804170204630452, 34.766175402609214 ] } },
{ "type": "Feature", "properties": { "P29_001": "22132", "P29_002": "A122210001014", "P29_003": "16011", "P29_004": "浜松市立笠井幼稚園", "P29_005": "静岡県浜松市東区笠井町478-1", "P29_006": "3", "P29_007": "0", "P29_008": "00", "P29_009": null }, "geometry": { "type": "Point", "coordinates": [ 137.795201546613043, 34.770849089632151 ] } },
{ "type": "Feature", "properties": { "P29_001": "22132", "P29_002": "A122210001023", "P29_003": "16011", "P29_004": "浜松市立中ノ町幼稚園", "P29_005": "静岡県浜松市東区中野町427-1", "P29_006": "3", "P29_007": "0", "P29_008": "00", "P29_009": null }, "geometry": { "type": "Point", "coordinates": [ 137.79352800208315, 34.729262001864839 ] } },
{ "type": "Feature", "properties": { "P29_001": "22134", "P29_002": "A122210001032", "P29_003": "16011", "P29_004": "浜松市立芳川幼稚園", "P29_005": "静岡県浜松市南区芳川町190", "P29_006": "3", "P29_007": "0", "P29_008": "00", "P29_009": null }, "geometry": { "type": "Point", "coordinates": [ 137.765325997705389, 34.69302399698131 ] } },
{ "type": "Feature", "properties": { "P29_001": "22131", "P29_002": "A122210001041", "P29_003": "16011", "P29_004": "浜松市立花川幼稚園", "P29_005": "静岡県浜松市中区花川町1908-1", "P29_006": "3", "P29_007": "0", "P29_008": "00", "P29_009": null }, "geometry": { "type": "Point", "coordinates": [ 137.687379839568081, 34.774208369803866 ] } },
{ "type": "Feature", "properties": { "P29_001": "22135", "P29_002": "A122210001050", "P29_003": "16011", "P29_004": "浜松市立三方原幼稚園", "P29_005": "静岡県浜松市北区三方原町284-7", "P29_006": "3", "P29_007": "0", "P29_008": "00", "P29_009": null }, "geometry": { "type": "Point", "coordinates": [ 137.710841843430785, 34.77457821113736 ] } },
{ "type": "Feature", "properties": { "P29_001": "22135", "P29_002": "A122210001069", "P29_003": "16011", "P29_004": "浜松市立豊岡幼稚園", "P29_005": "静岡県浜松市北区豊岡町22", "P29_006": "3", "P29_007": "0", "P29_008": "00", "P29_009": null }, "geometry": { "type": "Point", "coordinates": [ 137.719419997335905, 34.786989001989816 ] } },
{ "type": "Feature", "properties": { "P29_001": "22135", "P29_002": "A122210001078", "P29_003": "16011", "P29_004": "浜松市立初生幼稚園", "P29_005": "静岡県浜松市北区初生町991", "P29_006": "3", "P29_007": "0", "P29_008": "00", "P29_009": null }, "geometry": { "type": "Point", "coordinates": [ 137.725972764555308, 34.768846573398868 ] } },
{ "type": "Feature", "properties": { "P29_001": "22134", "P29_002": "A122210001087", "P29_003": "16011", "P29_004": "浜松市立白脇幼稚園", "P29_005": "静岡県浜松市南区寺脇町230", "P29_006": "3", "P29_007": "0", "P29_008": "00", "P29_009": null }, "geometry": { "type": "Point", "coordinates": [ 137.742674361783372, 34.681902239380037 ] } },
{ "type": "Feature", "properties": { "P29_001": "22134", "P29_002": "A122210001096", "P29_003": "16011", "P29_004": "浜松市立飯田幼稚園", "P29_005": "静岡県浜松市南区飯田町1014", "P29_006": "3", "P29_007": "0", "P29_008": "00", "P29_009": null }, "geometry": { "type": "Point", "coordinates": [ 137.773285930008512, 34.703695594370338 ] } },
{ "type": "Feature", "properties": { "P29_001": "22132", "P29_002": "A122210001103", "P29_003": "16011", "P29_004": "浜松市立有玉幼稚園", "P29_005": "静岡県浜松市東区有玉南町585", "P29_006": "3", "P29_007": "0", "P29_008": "00", "P29_009": null }, "geometry": { "type": "Point", "coordinates": [ 137.750997773081366, 34.755828554149645 ] } },
{ "type": "Feature", "properties": { "P29_001": "22132", "P29_002": "A122210001112", "P29_003": "16011", "P29_004": "浜松市立万斛幼稚園", "P29_005": "静岡県浜松市東区中郡町895", "P29_006": "3", "P29_007": "0", "P29_008": "00", "P29_009": null }, "geometry": { "type": "Point", "coordinates": [ 137.773568805931802, 34.76838847300759 ] } },
{ "type": "Feature", "properties": { "P29_001": "22132", "P29_002": "A122210001121", "P29_003": "16011", "P29_004": "浜松市立橋爪幼稚園", "P29_005": "静岡県浜松市東区西ケ崎町1067", "P29_006": "3", "P29_007": "0", "P29_008": "00", "P29_009": null }, "geometry": { "type": "Point", "coordinates": [ 137.767621146209137, 34.773665642425243 ] } },
{ "type": "Feature", "properties": { "P29_001": "22133", "P29_002": "A122210001130", "P29_003": "16011", "P29_004": "浜松市立和地幼稚園", "P29_005": "静岡県浜松市西区和地町1833-2", "P29_006": "3", "P29_007": "0", "P29_008": "00", "P29_009": null }, "geometry": { "type": "Point", "coordinates": [ 137.653227060361246, 34.763561911283453 ] } },
{ "type": "Feature", "properties": { "P29_001": "22133", "P29_002": "A122210001149", "P29_003": "16011", "P29_004": "浜松市立北庄内幼稚園", "P29_005": "静岡県浜松市西区舘山寺町110-6", "P29_006": "3", "P29_007": "0", "P29_008": "00", "P29_009": null }, "geometry": { "type": "Point", "coordinates": [ 137.627355911385223, 34.76123894008628 ] } },
{ "type": "Feature", "properties": { "P29_001": "22133", "P29_002": "A122210001158", "P29_003": "16011", "P29_004": "浜松市立村櫛幼稚園", "P29_005": "静岡県浜松市西区村櫛町3195", "P29_006": "3", "P29_007": "0", "P29_008": "00", "P29_009": null }, "geometry": { "type": "Point", "coordinates": [ 137.591534447897374, 34.726287518575937 ] } },
{ "type": "Feature", "properties": { "P29_001": "22133", "P29_002": "A122210001167", "P29_003": "16011", "P29_004": "浜松市立伊佐見幼稚園", "P29_005": "静岡県浜松市西区伊左地町5", "P29_006": "3", "P29_007": "0", "P29_008": "00", "P29_009": null }, "geometry": { "type": "Point", "coordinates": [ 137.655637449834614, 34.744471149758084 ] } },
{ "type": "Feature", "properties": { "P29_001": "22133", "P29_002": "A122210001176", "P29_003": "16011", "P29_004": "浜松市立神久呂幼稚園", "P29_005": "静岡県浜松市西区神ケ谷町7888", "P29_006": "3", "P29_007": "0", "P29_008": "00", "P29_009": null }, "geometry": { "type": "Point", "coordinates": [ 137.670679055589289, 34.727005967903786 ] } },
{ "type": "Feature", "properties": { "P29_001": "22211", "P29_002": "A122210001185", "P29_003": "16011", "P29_004": "磐田市立磐田北幼稚園", "P29_005": "静岡県磐田市見付2353-1", "P29_006": "3", "P29_007": "0", "P29_008": "00", "P29_009": null }, "geometry": { "type": "Point", "coordinates": [ 137.859165500747224, 34.73102290186965 ] } },
{ "type": "Feature", "properties": { "P29_001": "22211", "P29_002": "A122210001194", "P29_003": "16011", "P29_004": "磐田市立磐田南幼稚園", "P29_005": "静岡県磐田市千手堂1075", "P29_006": "3", "P29_007": "0", "P29_008": "00", "P29_009": null }, "geometry": { "type": "Point", "coordinates": [ 137.84507299749319, 34.692409998533911 ] } },
{ "type": "Feature", "properties": { "P29_001": "22211", "P29_002": "A122210001201", "P29_003": "16011", "P29_004": "磐田市立大藤こども園", "P29_005": "静岡県磐田市大久保640-5", "P29_006": "3", "P29_007": "0", "P29_008": "00", "P29_009": null }, "geometry": { "type": "Point", "coordinates": [ 137.848576046631877, 34.776548533941146 ] } },
{ "type": "Feature", "properties": { "P29_001": "22211", "P29_002": "A122210001210", "P29_003": "16011", "P29_004": "磐田市立向笠幼稚園", "P29_005": "静岡県磐田市向笠竹之内397-13", "P29_006": "3", "P29_007": "0", "P29_008": "00", "P29_009": null }, "geometry": { "type": "Point", "coordinates": [ 137.876529807876096, 34.762045080632987 ] } },
{ "type": "Feature", "properties": { "P29_001": "22211", "P29_002": "A122210001229", "P29_003": "16011", "P29_004": "磐田市立長野幼稚園", "P29_005": "静岡県磐田市小島362-2", "P29_006": "3", "P29_007": "0", "P29_008": "00", "P29_009": null }, "geometry": { "type": "Point", "coordinates": [ 137.830043501227777, 34.684661778339709 ] } },
{ "type": "Feature", "properties": { "P29_001": "22211", "P29_002": "A122210001247", "P29_003": "16011", "P29_004": "磐田市立田原幼稚園", "P29_005": "静岡県磐田市三ケ野936-1", "P29_006": "3", "P29_007": "0", "P29_008": "00", "P29_009": null }, "geometry": { "type": "Point", "coordinates": [ 137.889220582016833, 34.734989727153945 ] } },
{ "type": "Feature", "properties": { "P29_001": "22211", "P29_002": "A122210001256", "P29_003": "16011", "P29_004": "磐田市立東部幼稚園", "P29_005": "静岡県磐田市東貝塚205-1", "P29_006": "3", "P29_007": "0", "P29_008": "00", "P29_009": null }, "geometry": { "type": "Point", "coordinates": [ 137.878712140993372, 34.711232754787567 ] } },
{ "type": "Feature", "properties": { "P29_001": "22216", "P29_002": "A122210001265", "P29_003": "16011", "P29_004": "袋井市立袋井東幼稚園", "P29_005": "静岡県袋井市国本2288", "P29_006": "3", "P29_007": "0", "P29_008": "00", "P29_009": null }, "geometry": { "type": "Point", "coordinates": [ 137.937944003619378, 34.760803003018275 ] } },
{ "type": "Feature", "properties": { "P29_001": "22216", "P29_002": "A122210001283", "P29_003": "16011", "P29_004": "袋井市立今井幼稚園", "P29_005": "静岡県袋井市太田723-1", "P29_006": "3", "P29_007": "0", "P29_008": "00", "P29_009": null }, "geometry": { "type": "Point", "coordinates": [ 137.891322716959337, 34.766916836538172 ] } },
{ "type": "Feature", "properties": { "P29_001": "22216", "P29_002": "A122210001292", "P29_003": "16011", "P29_004": "袋井市立三川幼稚園", "P29_005": "静岡県袋井市友永113-1", "P29_006": "3", "P29_007": "0", "P29_008": "00", "P29_009": null }, "geometry": { "type": "Point", "coordinates": [ 137.879789366495345, 34.797943609323312 ] } },
{ "type": "Feature", "properties": { "P29_001": "22216", "P29_002": "A122210001309", "P29_003": "16011", "P29_004": "袋井市立田原幼稚園", "P29_005": "静岡県袋井市新池190-1", "P29_006": "3", "P29_007": "0", "P29_008": "00", "P29_009": null }, "geometry": { "type": "Point", "coordinates": [ 137.907693296869326, 34.729262328604008 ] } },
{ "type": "Feature", "properties": { "P29_001": "22216", "P29_002": "A122210001327", "P29_003": "16011", "P29_004": "袋井市立袋井西幼稚園", "P29_005": "静岡県袋井市川井568-1", "P29_006": "3", "P29_007": "0", "P29_008": "00", "P29_009": null }, "geometry": { "type": "Point", "coordinates": [ 137.915401998153413, 34.745082000186741 ] } },
{ "type": "Feature", "properties": { "P29_001": "22137", "P29_002": "A122210001354", "P29_003": "16011", "P29_004": "浜松市立二俣幼稚園", "P29_005": "静岡県浜松市天竜区二俣町二俣158-2", "P29_006": "3", "P29_007": "0", "P29_008": "00", "P29_009": null }, "geometry": { "type": "Point", "coordinates": [ 137.821230868601361, 34.865863075979071 ] } },
{ "type": "Feature", "properties": { "P29_001": "22137", "P29_002": "A122210001363", "P29_003": "16011", "P29_004": "浜松市立熊幼稚園", "P29_005": "静岡県浜松市天竜区熊2153", "P29_006": "3", "P29_007": "0", "P29_008": "00", "P29_009": null }, "geometry": { "type": "Point", "coordinates": [ 137.733049645575051, 34.959456937984285 ] } },
{ "type": "Feature", "properties": { "P29_001": "22137", "P29_002": "A122210001372", "P29_003": "16011", "P29_004": "浜松市立光明幼稚園", "P29_005": "静岡県浜松市天竜区山東2314", "P29_006": "3", "P29_007": "0", "P29_008": "00", "P29_009": null }, "geometry": { "type": "Point", "coordinates": [ 137.829386415986875, 34.87975857767303 ] } },
{ "type": "Feature", "properties": { "P29_001": "22137", "P29_002": "A122210001381", "P29_003": "16011", "P29_004": "浜松市立竜川幼稚園", "P29_005": "静岡県浜松市天竜区横山町547", "P29_006": "3", "P29_007": "0", "P29_008": "00", "P29_009": null }, "geometry": { "type": "Point", "coordinates": [ 137.81704987355667, 34.942853055005372 ] } },
{ "type": "Feature", "properties": { "P29_001": "22137", "P29_002": "A122210001390", "P29_003": "16011", "P29_004": "浜松市立上阿多古幼稚園", "P29_005": "静岡県浜松市天竜区西藤平1266-1", "P29_006": "3", "P29_007": "0", "P29_008": "00", "P29_009": null }, "geometry": { "type": "Point", "coordinates": [ 137.76390083259443, 34.911956687263171 ] } },
{ "type": "Feature", "properties": { "P29_001": "22137", "P29_002": "A122210001407", "P29_003": "16011", "P29_004": "浜松市立下阿多古幼稚園", "P29_005": "静岡県浜松市天竜区両島762", "P29_006": "3", "P29_007": "0", "P29_008": "00", "P29_009": null }, "geometry": { "type": "Point", "coordinates": [ 137.791600733861429, 34.882291534071179 ] } },
{ "type": "Feature", "properties": { "P29_001": "22136", "P29_002": "A122210001416", "P29_003": "16011", "P29_004": "浜松市立中瀬幼稚園", "P29_005": "静岡県浜松市浜北区中瀬3531", "P29_006": "3", "P29_007": "0", "P29_008": "00", "P29_009": null }, "geometry": { "type": "Point", "coordinates": [ 137.812186342209571, 34.825089168226512 ] } },
{ "type": "Feature", "properties": { "P29_001": "22136", "P29_002": "A122210001425", "P29_003": "16011", "P29_004": "浜松市立赤佐幼稚園", "P29_005": "静岡県浜松市浜北区於呂3524-68", "P29_006": "3", "P29_007": "0", "P29_008": "00", "P29_009": null }, "geometry": { "type": "Point", "coordinates": [ 137.800891182148234, 34.840284190123903 ] } },
{ "type": "Feature", "properties": { "P29_001": "22136", "P29_002": "A122210001434", "P29_003": "16011", "P29_004": "浜松市立北浜東幼稚園", "P29_005": "静岡県浜松市浜北区善地1546", "P29_006": "3", "P29_007": "0", "P29_008": "00", "P29_009": null }, "geometry": { "type": "Point", "coordinates": [ 137.810043525624252, 34.79167867906714 ] } },
{ "type": "Feature", "properties": { "P29_001": "22136", "P29_002": "A122210001443", "P29_003": "16011", "P29_004": "浜松市立北浜南幼稚園", "P29_005": "静岡県浜松市浜北区寺島2436-3", "P29_006": "3", "P29_007": "0", "P29_008": "00", "P29_009": null }, "geometry": { "type": "Point", "coordinates": [ 137.793340456995423, 34.780371932220625 ] } },
{ "type": "Feature", "properties": { "P29_001": "22136", "P29_002": "A122210001452", "P29_003": "16011", "P29_004": "浜松市立北浜中央幼稚園", "P29_005": "静岡県浜松市浜北区西美薗1624-1", "P29_006": "3", "P29_007": "0", "P29_008": "00", "P29_009": null }, "geometry": { "type": "Point", "coordinates": [ 137.799205863727906, 34.801132716954619 ] } },
{ "type": "Feature", "properties": { "P29_001": "22136", "P29_002": "A122210001461", "P29_003": "16011", "P29_004": "浜松市立北浜北幼稚園", "P29_005": "静岡県浜松市浜北区小林1522-2", "P29_006": "3", "P29_007": "0", "P29_008": "00", "P29_009": null }, "geometry": { "type": "Point", "coordinates": [ 137.791804465534256, 34.810388751127867 ] } },
{ "type": "Feature", "properties": { "P29_001": "22136", "P29_002": "A122210001470", "P29_003": "16011", "P29_004": "浜松市立平口幼稚園", "P29_005": "静岡県浜松市浜北区平口2583", "P29_006": "3", "P29_007": "0", "P29_008": "00", "P29_009": null }, "geometry": { "type": "Point", "coordinates": [ 137.767398508054185, 34.793852449114361 ] } },
{ "type": "Feature", "properties": { "P29_001": "22136", "P29_002": "A122210001489", "P29_003": "16011", "P29_004": "浜松市立小松幼稚園", "P29_005": "静岡県浜松市浜北区小松2400", "P29_006": "3", "P29_007": "0", "P29_008": "00", "P29_009": null }, "geometry": { "type": "Point", "coordinates": [ 137.771687802460974, 34.788738457282157 ] } },
{ "type": "Feature", "properties": { "P29_001": "22136", "P29_002": "A122210001498", "P29_003": "16011", "P29_004": "浜松市立新原幼稚園", "P29_005": "静岡県浜松市浜北区新原2315", "P29_006": "3", "P29_007": "0", "P29_008": "00", "P29_009": null }, "geometry": { "type": "Point", "coordinates": [ 137.781625000983382, 34.817032997620331 ] } },
{ "type": "Feature", "properties": { "P29_001": "22136", "P29_002": "A122210001504", "P29_003": "16011", "P29_004": "浜松市立宮口幼稚園", "P29_005": "静岡県浜松市浜北区宮口1526-1", "P29_006": "3", "P29_007": "0", "P29_008": "00", "P29_009": null }, "geometry": { "type": "Point", "coordinates": [ 137.771049499095085, 34.824731307646864 ] } },
{ "type": "Feature", "properties": { "P29_001": "22136", "P29_002": "A122210001513", "P29_003": "16011", "P29_004": "浜松市立赤佐西幼稚園", "P29_005": "静岡県浜松市浜北区於呂2235", "P29_006": "3", "P29_007": "0", "P29_008": "00", "P29_009": null }, "geometry": { "type": "Point", "coordinates": [ 137.79218999665045, 34.831701002079086 ] } },
{ "type": "Feature", "properties": { "P29_001": "22136", "P29_002": "A122210001522", "P29_003": "16011", "P29_004": "浜松市立上島幼稚園", "P29_005": "静岡県浜松市浜北区上島217", "P29_006": "3", "P29_007": "0", "P29_008": "00", "P29_009": null }, "geometry": { "type": "Point", "coordinates": [ 137.817042778028195, 34.847147750281444 ] } },
{ "type": "Feature", "properties": { "P29_001": "22136", "P29_002": "A122210001531", "P29_003": "16011", "P29_004": "浜松市立内野幼稚園", "P29_005": "静岡県浜松市浜北区内野1648-1", "P29_006": "3", "P29_007": "0", "P29_008": "00", "P29_009": null }, "geometry": { "type": "Point", "coordinates": [ 137.756424278180418, 34.783305946171119 ] } },
{ "type": "Feature", "properties": { "P29_001": "22461", "P29_002": "A122210001540", "P29_003": "16011", "P29_004": "森町立飯田幼稚園", "P29_005": "静岡県周智郡森町飯田4058-1", "P29_006": "3", "P29_007": "0", "P29_008": "00", "P29_009": null }, "geometry": { "type": "Point", "coordinates": [ 137.919996353253794, 34.811538793910621 ] } },
{ "type": "Feature", "properties": { "P29_001": "22461", "P29_002": "A122210001559", "P29_003": "16011", "P29_004": "森町立園田幼稚園", "P29_005": "静岡県周智郡森町谷中513-6", "P29_006": "3", "P29_007": "0", "P29_008": "00", "P29_009": null }, "geometry": { "type": "Point", "coordinates": [ 137.901451373936652, 34.811660783530229 ] } },
{ "type": "Feature", "properties": { "P29_001": "22461", "P29_002": "A122210001568", "P29_003": "16011", "P29_004": "森町立一宮幼稚園", "P29_005": "静岡県周智郡森町一宮1845-2", "P29_006": "3", "P29_007": "0", "P29_008": "00", "P29_009": null }, "geometry": { "type": "Point", "coordinates": [ 137.891299178985378, 34.824973728091791 ] } },
{ "type": "Feature", "properties": { "P29_001": "22461", "P29_002": "A122210001577", "P29_003": "16011", "P29_004": "森町立森幼稚園", "P29_005": "静岡県周智郡森町森2320", "P29_006": "3", "P29_007": "0", "P29_008": "00", "P29_009": null }, "geometry": { "type": "Point", "coordinates": [ 137.928263342736727, 34.838861660619422 ] } },
{ "type": "Feature", "properties": { "P29_001": "22461", "P29_002": "A122210001586", "P29_003": "16011", "P29_004": "森町立三倉幼稚園", "P29_005": "静岡県周智郡森町三倉740", "P29_006": "3", "P29_007": "0", "P29_008": "00", "P29_009": null }, "geometry": { "type": "Point", "coordinates": [ 137.947234708864301, 34.902413649012345 ] } },
{ "type": "Feature", "properties": { "P29_001": "22461", "P29_002": "A122210001595", "P29_003": "16011", "P29_004": "森町立天方幼稚園", "P29_005": "静岡県周智郡森町大鳥居73", "P29_006": "3", "P29_007": "0", "P29_008": "00", "P29_009": null }, "geometry": { "type": "Point", "coordinates": [ 137.941199653618526, 34.858702059178398 ] } },
{ "type": "Feature", "properties": { "P29_001": "22137", "P29_002": "A122210001602", "P29_003": "16011", "P29_004": "浜松市立犬居幼稚園", "P29_005": "静岡県浜松市天竜区春野町堀之内989-1", "P29_006": "3", "P29_007": "0", "P29_008": "00", "P29_009": null }, "geometry": { "type": "Point", "coordinates": [ 137.898192525904875, 34.95884056604033 ] } },
{ "type": "Feature", "properties": { "P29_001": "22137", "P29_002": "A122210001611", "P29_003": "16011", "P29_004": "浜松市立気田幼稚園", "P29_005": "静岡県浜松市天竜区春野町気田624", "P29_006": "3", "P29_007": "0", "P29_008": "00", "P29_009": null }, "geometry": { "type": "Point", "coordinates": [ 137.906650997810686, 35.004317003344603 ] } },
{ "type": "Feature", "properties": { "P29_001": "22216", "P29_002": "A122210001620", "P29_003": "16011", "P29_004": "袋井市立浅羽南幼稚園", "P29_005": "静岡県袋井市松原1793", "P29_006": "3", "P29_007": "0", "P29_008": "00", "P29_009": null }, "geometry": { "type": "Point", "coordinates": [ 137.932991220767263, 34.681201211296404 ] } },
{ "type": "Feature", "properties": { "P29_001": "22216", "P29_002": "A122210001639", "P29_003": "16011", "P29_004": "袋井市立浅羽西幼稚園", "P29_005": "静岡県袋井市長溝873-1", "P29_006": "3", "P29_007": "0", "P29_008": "00", "P29_009": null }, "geometry": { "type": "Point", "coordinates": [ 137.909402547342495, 34.703804355370629 ] } },
{ "type": "Feature", "properties": { "P29_001": "22216", "P29_002": "A122210001657", "P29_003": "16011", "P29_004": "袋井市立浅羽北幼稚園", "P29_005": "静岡県袋井市浅名41", "P29_006": "3", "P29_007": "0", "P29_008": "00", "P29_009": null }, "geometry": { "type": "Point", "coordinates": [ 137.922794005172562, 34.707328108181201 ] } },
{ "type": "Feature", "properties": { "P29_001": "22211", "P29_002": "A122210001666", "P29_003": "16011", "P29_004": "磐田市立竜洋幼稚園", "P29_005": "静岡県磐田市豊岡6605-60", "P29_006": "3", "P29_007": "0", "P29_008": "00", "P29_009": null }, "geometry": { "type": "Point", "coordinates": [ 137.812584460720473, 34.683434516466939 ] } },
{ "type": "Feature", "properties": { "P29_001": "22211", "P29_002": "A122210001675", "P29_003": "16011", "P29_004": "磐田市立豊岡こども園", "P29_005": "静岡県磐田市新開541", "P29_006": "3", "P29_007": "0", "P29_008": "00", "P29_009": null }, "geometry": { "type": "Point", "coordinates": [ 137.839145997228485, 34.832910004182139 ] } },
{ "type": "Feature", "properties": { "P29_001": "22211", "P29_002": "A122210001684", "P29_003": "16011", "P29_004": "磐田市立豊岡南幼稚園", "P29_005": "静岡県磐田市上神増1410", "P29_006": "3", "P29_007": "0", "P29_008": "00", "P29_009": null }, "geometry": { "type": "Point", "coordinates": [ 137.847063200800221, 34.815139735870432 ] } },
{ "type": "Feature", "properties": { "P29_001": "22137", "P29_002": "A122210001693", "P29_003": "16011", "P29_004": "浜松市立佐久間幼稚園", "P29_005": "静岡県浜松市天竜区佐久間町半場47", "P29_006": "3", "P29_007": "0", "P29_008": "00", "P29_009": null }, "geometry": { "type": "Point", "coordinates": [ 137.802234001202038, 35.087517000541801 ] } },
{ "type": "Feature", "properties": { "P29_001": "22137", "P29_002": "A122210001700", "P29_003": "16011", "P29_004": "浜松市立浦川幼稚園", "P29_005": "静岡県浜松市天竜区佐久間町浦川2799", "P29_006": "3", "P29_007": "0", "P29_008": "00", "P29_009": null }, "geometry": { "type": "Point", "coordinates": [ 137.760927091587945, 35.052209096946839 ] } },
{ "type": "Feature", "properties": { "P29_001": "22134", "P29_002": "A122210001719", "P29_003": "16011", "P29_004": "浜松市立可美幼稚園", "P29_005": "静岡県浜松市南区増楽町1199", "P29_006": "3", "P29_007": "0", "P29_008": "00", "P29_009": null }, "geometry": { "type": "Point", "coordinates": [ 137.694313103323282, 34.689321773920163 ] } },
{ "type": "Feature", "properties": { "P29_001": "22133", "P29_002": "A122210001728", "P29_003": "16011", "P29_004": "浜松市立舞阪幼稚園", "P29_005": "静岡県浜松市西区舞阪町舞阪2668-33", "P29_006": "3", "P29_007": "0", "P29_008": "00", "P29_009": null }, "geometry": { "type": "Point", "coordinates": [ 137.610369538478267, 34.680036060798578 ] } },
{ "type": "Feature", "properties": { "P29_001": "22221", "P29_002": "A122210001737", "P29_003": "16011", "P29_004": "湖西市立鷲津幼稚園", "P29_005": "静岡県湖西市鷲津650", "P29_006": "3", "P29_007": "0", "P29_008": "00", "P29_009": null }, "geometry": { "type": "Point", "coordinates": [ 137.540600979650804, 34.712060772268742 ] } },
{ "type": "Feature", "properties": { "P29_001": "22221", "P29_002": "A122210001746", "P29_003": "16011", "P29_004": "湖西市立白須賀幼稚園", "P29_005": "静岡県湖西市白須賀4804-1", "P29_006": "3", "P29_007": "0", "P29_008": "00", "P29_009": null }, "geometry": { "type": "Point", "coordinates": [ 137.503529654865702, 34.687862946055809 ] } },
{ "type": "Feature", "properties": { "P29_001": "22221", "P29_002": "A122210001773", "P29_003": "16011", "P29_004": "湖西市立知波田幼稚園", "P29_005": "静岡県湖西市大知波503", "P29_006": "3", "P29_007": "0", "P29_008": "00", "P29_009": null }, "geometry": { "type": "Point", "coordinates": [ 137.509365158053981, 34.754246209842663 ] } },
{ "type": "Feature", "properties": { "P29_001": "22133", "P29_002": "A122210001782", "P29_003": "16011", "P29_004": "浜松市立雄踏幼稚園", "P29_005": "静岡県浜松市西区雄踏町宇布見7406", "P29_006": "3", "P29_007": "0", "P29_008": "00", "P29_009": null }, "geometry": { "type": "Point", "coordinates": [ 137.631314998552881, 34.706890996409236 ] } },
{ "type": "Feature", "properties": { "P29_001": "22135", "P29_002": "A122210001791", "P29_003": "16011", "P29_004": "浜松市立西気賀幼稚園", "P29_005": "静岡県浜松市北区細江町気賀10052-4", "P29_006": "3", "P29_007": "0", "P29_008": "00", "P29_009": null }, "geometry": { "type": "Point", "coordinates": [ 137.623343254335026, 34.803192459152193 ] } },
{ "type": "Feature", "properties": { "P29_001": "22135", "P29_002": "A122210001808", "P29_003": "16011", "P29_004": "浜松市立伊目幼稚園", "P29_005": "静岡県浜松市北区細江町気賀3207-1", "P29_006": "3", "P29_007": "0", "P29_008": "00", "P29_009": null }, "geometry": { "type": "Point", "coordinates": [ 137.642770463586601, 34.787339186822138 ] } },
{ "type": "Feature", "properties": { "P29_001": "22135", "P29_002": "A122210001817", "P29_003": "16011", "P29_004": "浜松市立中川幼稚園", "P29_005": "静岡県浜松市北区細江町中川2418-2", "P29_006": "3", "P29_007": "0", "P29_008": "00", "P29_009": null }, "geometry": { "type": "Point", "coordinates": [ 137.678399390994457, 34.809095603674109 ] } },
{ "type": "Feature", "properties": { "P29_001": "22135", "P29_002": "A122210001826", "P29_003": "16011", "P29_004": "浜松市立中央幼稚園", "P29_005": "静岡県浜松市北区細江町気賀304", "P29_006": "3", "P29_007": "0", "P29_008": "00", "P29_009": null }, "geometry": { "type": "Point", "coordinates": [ 137.651084253051209, 34.805873766752164 ] } },
{ "type": "Feature", "properties": { "P29_001": "22135", "P29_002": "A122210001835", "P29_003": "16011", "P29_004": "浜松市立高台幼稚園", "P29_005": "静岡県浜松市北区細江町中川7172-701", "P29_006": "3", "P29_007": "0", "P29_008": "00", "P29_009": null }, "geometry": { "type": "Point", "coordinates": [ 137.685407683541229, 34.794141491816497 ] } },
{ "type": "Feature", "properties": { "P29_001": "22135", "P29_002": "A122210001844", "P29_003": "16011", "P29_004": "浜松市立引佐幼稚園", "P29_005": "静岡県浜松市北区神宮寺町8-48", "P29_006": "3", "P29_007": "0", "P29_008": "00", "P29_009": null }, "geometry": { "type": "Point", "coordinates": [ 137.671082166675205, 34.831370677831309 ] } },
{ "type": "Feature", "properties": { "P29_001": "22135", "P29_002": "A122210001853", "P29_003": "16011", "P29_004": "浜松市立奥山幼稚園", "P29_005": "静岡県浜松市北区引佐町奥山1110-1", "P29_006": "3", "P29_007": "0", "P29_008": "00", "P29_009": null }, "geometry": { "type": "Point", "coordinates": [ 137.629716215574149, 34.845859812815888 ] } },
{ "type": "Feature", "properties": { "P29_001": "22135", "P29_002": "A122210001862", "P29_003": "16011", "P29_004": "浜松市立伊平幼稚園", "P29_005": "静岡県浜松市北区引佐町伊平778-1", "P29_006": "3", "P29_007": "0", "P29_008": "00", "P29_009": null }, "geometry": { "type": "Point", "coordinates": [ 137.661183588697753, 34.86495214744803 ] } },
{ "type": "Feature", "properties": { "P29_001": "22135", "P29_002": "A122210001871", "P29_003": "16011", "P29_004": "浜松市立引佐北部みさと幼稚園", "P29_005": "静岡県浜松市北区引佐町田沢432-1", "P29_006": "3", "P29_007": "0", "P29_008": "00", "P29_009": null }, "geometry": { "type": "Point", "coordinates": [ 137.656386212734219, 34.897781652563843 ] } },
{ "type": "Feature", "properties": { "P29_001": "22135", "P29_002": "A122210001880", "P29_003": "16011", "P29_004": "浜松市立金指幼稚園", "P29_005": "静岡県浜松市北区引佐町金指862-3", "P29_006": "3", "P29_007": "0", "P29_008": "00", "P29_009": null }, "geometry": { "type": "Point", "coordinates": [ 137.68303390036445, 34.822941191542981 ] } },
{ "type": "Feature", "properties": { "P29_001": "22135", "P29_002": "A122210001899", "P29_003": "16011", "P29_004": "浜松市立尾奈幼稚園", "P29_005": "静岡県浜松市北区三ヶ日町下尾奈1461-1", "P29_006": "3", "P29_007": "0", "P29_008": "00", "P29_009": null }, "geometry": { "type": "Point", "coordinates": [ 137.538032082266142, 34.78482999700195 ] } },
{ "type": "Feature", "properties": { "P29_001": "22135", "P29_002": "A122210001906", "P29_003": "16011", "P29_004": "浜松市立大崎幼稚園", "P29_005": "静岡県浜松市北区三ヶ日町大崎1665-20", "P29_006": "3", "P29_007": "0", "P29_008": "00", "P29_009": null }, "geometry": { "type": "Point", "coordinates": [ 137.563465538730668, 34.772340764883566 ] } },
{ "type": "Feature", "properties": { "P29_001": "22135", "P29_002": "A122210001915", "P29_003": "16011", "P29_004": "浜松市立平山幼稚園", "P29_005": "静岡県浜松市北区三ヶ日町平山223-1", "P29_006": "3", "P29_007": "0", "P29_008": "00", "P29_009": null }, "geometry": { "type": "Point", "coordinates": [ 137.536846625607552, 34.82543671319452 ] } },
{ "type": "Feature", "properties": { "P29_001": "22211", "P29_002": "A122210001924", "P29_003": "16011", "P29_004": "磐田市立豊田北部幼稚園", "P29_005": "静岡県磐田市加茂1027-2", "P29_006": "3", "P29_007": "0", "P29_008": "00", "P29_009": null }, "geometry": { "type": "Point", "coordinates": [ 137.826695370061657, 34.740267137356597 ] } },
{ "type": "Feature", "properties": { "P29_001": "22211", "P29_002": "A122210001933", "P29_003": "16011", "P29_004": "磐田市立豊田南こども園", "P29_005": "静岡県磐田市森下280", "P29_006": "3", "P29_007": "0", "P29_008": "00", "P29_009": null }, "geometry": { "type": "Point", "coordinates": [ 137.823910204525816, 34.721207483130748 ] } },
{ "type": "Feature", "properties": { "P29_001": "22211", "P29_002": "A122210001942", "P29_003": "16011", "P29_004": "磐田市立青城こども園", "P29_005": "静岡県磐田市中田610", "P29_006": "3", "P29_007": "0", "P29_008": "00", "P29_009": null }, "geometry": { "type": "Point", "coordinates": [ 137.823423107889397, 34.71488181639544 ] } },
{ "type": "Feature", "properties": { "P29_001": "22211", "P29_002": "A122210001951", "P29_003": "16011", "P29_004": "磐田市立豊田東幼稚園", "P29_005": "静岡県磐田市高見丘65", "P29_006": "3", "P29_007": "0", "P29_008": "00", "P29_009": null }, "geometry": { "type": "Point", "coordinates": [ 137.838569263441428, 34.744074384625939 ] } },
{ "type": "Feature", "properties": { "P29_001": "22211", "P29_002": "A122210001960", "P29_003": "16011", "P29_004": "磐田市立磐田なかよしこども園", "P29_005": "静岡県磐田市中泉2522-2", "P29_006": "3", "P29_007": "0", "P29_008": "00", "P29_009": null }, "geometry": { "type": "Point", "coordinates": [ 137.84559545777222, 34.716231901802544 ] } },
{ "type": "Feature", "properties": { "P29_001": "22301", "P29_002": "A122210001979", "P29_003": "16011", "P29_004": "東伊豆町立ひがしいず幼稚園", "P29_005": "静岡県賀茂郡東伊豆町奈良本745-145", "P29_006": "3", "P29_007": "0", "P29_008": "00", "P29_009": null }, "geometry": { "type": "Point", "coordinates": [ 139.059617811099685, 34.812544841552715 ] } },
{ "type": "Feature", "properties": { "P29_001": "22203", "P29_002": "A122310000013", "P29_003": "16011", "P29_004": "双葉幼稚園", "P29_005": "静岡県沼津市下香貫字柿原2843-1", "P29_006": "4", "P29_007": "0", "P29_008": "00", "P29_009": null }, "geometry": { "type": "Point", "coordinates": [ 138.870428067017087, 35.076214908991453 ] } },
{ "type": "Feature", "properties": { "P29_001": "22203", "P29_002": "A122310000031", "P29_003": "16011", "P29_004": "沼津聖マリア幼稚園", "P29_005": "静岡県沼津市本郷町18-31", "P29_006": "4", "P29_007": "0", "P29_008": "00", "P29_009": null }, "geometry": { "type": "Point", "coordinates": [ 138.86858887234493, 35.093626212071193 ] } },
{ "type": "Feature", "properties": { "P29_001": "22203", "P29_002": "A122310000040", "P29_003": "16011", "P29_004": "ルンビニ幼稚園", "P29_005": "静岡県沼津市千本緑町2-7", "P29_006": "4", "P29_007": "0", "P29_008": "00", "P29_009": null }, "geometry": { "type": "Point", "coordinates": [ 138.853057004043251, 35.092802998626681 ] } },
{ "type": "Feature", "properties": { "P29_001": "22203", "P29_002": "A122310000059", "P29_003": "16011", "P29_004": "四恩幼稚園", "P29_005": "静岡県沼津市三芳町3-14", "P29_006": "4", "P29_007": "0", "P29_008": "00", "P29_009": null }, "geometry": { "type": "Point", "coordinates": [ 138.865886002857053, 35.102034001127038 ] } },
{ "type": "Feature", "properties": { "P29_001": "22203", "P29_002": "A122310000068", "P29_003": "16011", "P29_004": "象山幼稚園", "P29_005": "静岡県沼津市志下北通り72-1", "P29_006": "4", "P29_007": "0", "P29_008": "00", "P29_009": null }, "geometry": { "type": "Point", "coordinates": [ 138.878210113416202, 35.069046710603637 ] } },
{ "type": "Feature", "properties": { "P29_001": "22203", "P29_002": "A122310000077", "P29_003": "16011", "P29_004": "耕雲寺幼稚園", "P29_005": "静岡県沼津市大岡1092", "P29_006": "4", "P29_007": "0", "P29_008": "00", "P29_009": null }, "geometry": { "type": "Point", "coordinates": [ 138.880334877096033, 35.105501915874896 ] } },
{ "type": "Feature", "properties": { "P29_001": "22203", "P29_002": "A122310000086", "P29_003": "16011", "P29_004": "愛鷹幼稚園", "P29_005": "静岡県沼津市西椎路610-2", "P29_006": "4", "P29_007": "0", "P29_008": "00", "P29_009": null }, "geometry": { "type": "Point", "coordinates": [ 138.826319259272992, 35.127885053062457 ] } },
{ "type": "Feature", "properties": { "P29_001": "22203", "P29_002": "A122310000102", "P29_003": "16011", "P29_004": "加藤学園幼稚園", "P29_005": "静岡県沼津市大岡自由ヶ丘1979", "P29_006": "4", "P29_007": "0", "P29_008": "00", "P29_009": null }, "geometry": { "type": "Point", "coordinates": [ 138.869927934757499, 35.117646210589811 ] } },
{ "type": "Feature", "properties": { "P29_001": "22203", "P29_002": "A122310000120", "P29_003": "16011", "P29_004": "沼津学園第二幼稚園", "P29_005": "静岡県沼津市大岡字川窪3227-1", "P29_006": "4", "P29_007": "0", "P29_008": "00", "P29_009": null }, "geometry": { "type": "Point", "coordinates": [ 138.887960547817954, 35.127897561753379 ] } },
{ "type": "Feature", "properties": { "P29_001": "22205", "P29_002": "A122310000139", "P29_003": "16011", "P29_004": "熱海幼稚園", "P29_005": "静岡県熱海市上宿町7-28", "P29_006": "4", "P29_007": "0", "P29_008": "00", "P29_009": null }, "geometry": { "type": "Point", "coordinates": [ 139.07056995215251, 35.097072550974843 ] } },
{ "type": "Feature", "properties": { "P29_001": "22206", "P29_002": "A122310000148", "P29_003": "16011", "P29_004": "よつば幼稚園", "P29_005": "静岡県三島市大宮町3-2-8", "P29_006": "4", "P29_007": "0", "P29_008": "00", "P29_009": null }, "geometry": { "type": "Point", "coordinates": [ 138.91645993476186, 35.124780542887869 ] } },
{ "type": "Feature", "properties": { "P29_001": "22206", "P29_002": "A122310000157", "P29_003": "16011", "P29_004": "星園幼稚園", "P29_005": "静岡県三島市緑町6-14", "P29_006": "4", "P29_007": "0", "P29_008": "00", "P29_009": null }, "geometry": { "type": "Point", "coordinates": [ 138.910200358289529, 35.116298005027211 ] } },
{ "type": "Feature", "properties": { "P29_001": "22206", "P29_002": "A122310000166", "P29_003": "16011", "P29_004": "桜ケ丘幼稚園", "P29_005": "静岡県三島市谷田524-1", "P29_006": "4", "P29_007": "0", "P29_008": "00", "P29_009": null }, "geometry": { "type": "Point", "coordinates": [ 138.934991004122026, 35.110838996264583 ] } },
{ "type": "Feature", "properties": { "P29_001": "22207", "P29_002": "A122310000175", "P29_003": "16011", "P29_004": "富士宮東幼稚園", "P29_005": "静岡県富士宮市矢立町787", "P29_006": "4", "P29_007": "0", "P29_008": "00", "P29_009": null }, "geometry": { "type": "Point", "coordinates": [ 138.623204997098867, 35.226445996097169 ] } },
{ "type": "Feature", "properties": { "P29_001": "22207", "P29_002": "A122310000184", "P29_003": "16011", "P29_004": "富士宮北幼稚園", "P29_005": "静岡県富士宮市光町14-4", "P29_006": "4", "P29_007": "0", "P29_008": "00", "P29_009": null }, "geometry": { "type": "Point", "coordinates": [ 138.610098177481262, 35.233069427600185 ] } },
{ "type": "Feature", "properties": { "P29_001": "22207", "P29_002": "A122310000193", "P29_003": "16011", "P29_004": "にしふじのみや幼稚園", "P29_005": "静岡県富士宮市淀川町3-2", "P29_006": "4", "P29_007": "0", "P29_008": "00", "P29_009": null }, "geometry": { "type": "Point", "coordinates": [ 138.601970002037234, 35.230580003855103 ] } },
{ "type": "Feature", "properties": { "P29_001": "22207", "P29_002": "A122310000200", "P29_003": "16011", "P29_004": "西ケ丘幼稚園", "P29_005": "静岡県富士宮市西町27-6", "P29_006": "4", "P29_007": "0", "P29_008": "00", "P29_009": null }, "geometry": { "type": "Point", "coordinates": [ 138.603945998641905, 35.224927002635738 ] } },
{ "type": "Feature", "properties": { "P29_001": "22207", "P29_002": "A122310000219", "P29_003": "16011", "P29_004": "上野幼稚園", "P29_005": "静岡県富士宮市下条1747", "P29_006": "4", "P29_007": "0", "P29_008": "00", "P29_009": null }, "geometry": { "type": "Point", "coordinates": [ 138.58162645366977, 35.26661582785178 ] } },
{ "type": "Feature", "properties": { "P29_001": "22207", "P29_002": "A122310000228", "P29_003": "16011", "P29_004": "富士宮聖母幼稚園", "P29_005": "静岡県富士宮市錦町2-34", "P29_006": "4", "P29_007": "0", "P29_008": "00", "P29_009": null }, "geometry": { "type": "Point", "coordinates": [ 138.613977004126639, 35.219604003747321 ] } },
{ "type": "Feature", "properties": { "P29_001": "22207", "P29_002": "A122310000237", "P29_003": "16011", "P29_004": "学校法人吉田学園万野幼稚園", "P29_005": "静岡県富士宮市万野原新田2992-4", "P29_006": "4", "P29_007": "0", "P29_008": "00", "P29_009": null }, "geometry": { "type": "Point", "coordinates": [ 138.631565217598904, 35.252632301834659 ] } },
{ "type": "Feature", "properties": { "P29_001": "22207", "P29_002": "A122310000246", "P29_003": "16011", "P29_004": "学校法人とくのう学園黒田幼稚園", "P29_005": "静岡県富士宮市源道寺町632", "P29_006": "4", "P29_007": "0", "P29_008": "00", "P29_009": null }, "geometry": { "type": "Point", "coordinates": [ 138.622011135989396, 35.212978281137033 ] } },
{ "type": "Feature", "properties": { "P29_001": "22207", "P29_002": "A122310000255", "P29_003": "16011", "P29_004": "学校法人長橋学園杉田幼稚園", "P29_005": "静岡県富士宮市杉田517-1", "P29_006": "4", "P29_007": "0", "P29_008": "00", "P29_009": null }, "geometry": { "type": "Point", "coordinates": [ 138.660399394519118, 35.216842889834894 ] } },
{ "type": "Feature", "properties": { "P29_001": "22208", "P29_002": "A122310000264", "P29_003": "16011", "P29_004": "野間自由幼稚園", "P29_005": "静岡県伊東市竹の内1-3-57", "P29_006": "4", "P29_007": "0", "P29_008": "00", "P29_009": null }, "geometry": { "type": "Point", "coordinates": [ 139.095350003474948, 34.968899995527664 ] } },
{ "type": "Feature", "properties": { "P29_001": "22208", "P29_002": "A122310000273", "P29_003": "16011", "P29_004": "伊東聖母幼稚園", "P29_005": "静岡県伊東市桜木町1-7-2", "P29_006": "4", "P29_007": "0", "P29_008": "00", "P29_009": null }, "geometry": { "type": "Point", "coordinates": [ 139.094906775736234, 34.966333659603464 ] } },
{ "type": "Feature", "properties": { "P29_001": "22210", "P29_002": "A122310000282", "P29_003": "16011", "P29_004": "吉原聖母幼稚園", "P29_005": "静岡県富士市南町1-30", "P29_006": "4", "P29_007": "0", "P29_008": "00", "P29_009": null }, "geometry": { "type": "Point", "coordinates": [ 138.688512878376969, 35.160967582068778 ] } },
{ "type": "Feature", "properties": { "P29_001": "22210", "P29_002": "A122310000291", "P29_003": "16011", "P29_004": "認定こども園鈴川幼稚園", "P29_005": "静岡県富士市鈴川東町16-17", "P29_006": "4", "P29_007": "0", "P29_008": "00", "P29_009": null }, "geometry": { "type": "Point", "coordinates": [ 138.707609068126402, 35.138710444050474 ] } },
{ "type": "Feature", "properties": { "P29_001": "22210", "P29_002": "A122310000308", "P29_003": "16011", "P29_004": "いまいづみ幼稚園", "P29_005": "静岡県富士市今泉5-8-2", "P29_006": "4", "P29_007": "0", "P29_008": "00", "P29_009": null }, "geometry": { "type": "Point", "coordinates": [ 138.69608514136371, 35.16646822138965 ] } },
{ "type": "Feature", "properties": { "P29_001": "22210", "P29_002": "A122310000317", "P29_003": "16011", "P29_004": "神戸幼稚園", "P29_005": "静岡県富士市富士見台1-6-8", "P29_006": "4", "P29_007": "0", "P29_008": "00", "P29_009": null }, "geometry": { "type": "Point", "coordinates": [ 138.7099774214484, 35.185685237872008 ] } },
{ "type": "Feature", "properties": { "P29_001": "22210", "P29_002": "A122310000326", "P29_003": "16011", "P29_004": "するが幼稚園", "P29_005": "静岡県富士市中島122", "P29_006": "4", "P29_007": "0", "P29_008": "00", "P29_009": null }, "geometry": { "type": "Point", "coordinates": [ 138.649218288702258, 35.164397420824955 ] } },
{ "type": "Feature", "properties": { "P29_001": "22210", "P29_002": "A122310000335", "P29_003": "16011", "P29_004": "富士リズム幼稚園", "P29_005": "静岡県富士市伝法1740-1", "P29_006": "4", "P29_007": "0", "P29_008": "00", "P29_009": null }, "geometry": { "type": "Point", "coordinates": [ 138.671648539607361, 35.178708329672965 ] } },
{ "type": "Feature", "properties": { "P29_001": "22210", "P29_002": "A122310000344", "P29_003": "16011", "P29_004": "ゆきよし幼稚園", "P29_005": "静岡県富士市宮島251-5", "P29_006": "4", "P29_007": "0", "P29_008": "00", "P29_009": null }, "geometry": { "type": "Point", "coordinates": [ 138.653015718793455, 35.137827484810856 ] } },
{ "type": "Feature", "properties": { "P29_001": "22210", "P29_002": "A122310000353", "P29_003": "16011", "P29_004": "藤田幼稚園", "P29_005": "静岡県富士市大渕2964-1", "P29_006": "4", "P29_007": "0", "P29_008": "00", "P29_009": null }, "geometry": { "type": "Point", "coordinates": [ 138.68863700297203, 35.217091996686513 ] } },
{ "type": "Feature", "properties": { "P29_001": "22210", "P29_002": "A122310000362", "P29_003": "16011", "P29_004": "富士中央幼稚園", "P29_005": "静岡県富士市蓼原113-15", "P29_006": "4", "P29_007": "0", "P29_008": "00", "P29_009": null }, "geometry": { "type": "Point", "coordinates": [ 138.662429639280617, 35.153566861871894 ] } },
{ "type": "Feature", "properties": { "P29_001": "22210", "P29_002": "A122310000371", "P29_003": "16011", "P29_004": "富士光明幼稚園", "P29_005": "静岡県富士市厚原388-8", "P29_006": "4", "P29_007": "0", "P29_008": "00", "P29_009": null }, "geometry": { "type": "Point", "coordinates": [ 138.658759085493784, 35.179868783959336 ] } },
{ "type": "Feature", "properties": { "P29_001": "22215", "P29_002": "A122310000380", "P29_003": "16011", "P29_004": "御殿場聖マリア幼稚園", "P29_005": "静岡県御殿場市新橋1591", "P29_006": "4", "P29_007": "0", "P29_008": "00", "P29_009": null }, "geometry": { "type": "Point", "coordinates": [ 138.93827918178394, 35.297562794187272 ] } },
{ "type": "Feature", "properties": { "P29_001": "22215", "P29_002": "A122310000399", "P29_003": "16011", "P29_004": "みなみ幼稚園", "P29_005": "静岡県御殿場市萩原追分1193-13", "P29_006": "4", "P29_007": "0", "P29_008": "00", "P29_009": null }, "geometry": { "type": "Point", "coordinates": [ 138.932108577747442, 35.293852209100976 ] } },
{ "type": "Feature", "properties": { "P29_001": "22342", "P29_002": "A122310000406", "P29_003": "16011", "P29_004": "エンゼル幼稚園", "P29_005": "静岡県駿東郡長泉町下長窪尾尻80-6", "P29_006": "4", "P29_007": "0", "P29_008": "00", "P29_009": null }, "geometry": { "type": "Point", "coordinates": [ 138.888438445678872, 35.139150711060893 ] } },
{ "type": "Feature", "properties": { "P29_001": "22203", "P29_002": "A122310000415", "P29_003": "16011", "P29_004": "原町幼稚園", "P29_005": "静岡県沼津市原199-1", "P29_006": "4", "P29_007": "0", "P29_008": "00", "P29_009": null }, "geometry": { "type": "Point", "coordinates": [ 138.797452031991725, 35.125040605995387 ] } },
{ "type": "Feature", "properties": { "P29_001": "22203", "P29_002": "A122310000424", "P29_003": "16011", "P29_004": "光長寺幼稚園", "P29_005": "静岡県沼津市岡宮字寺内1052-5", "P29_006": "4", "P29_007": "0", "P29_008": "00", "P29_009": null }, "geometry": { "type": "Point", "coordinates": [ 138.873204000328457, 35.128384001134044 ] } },
{ "type": "Feature", "properties": { "P29_001": "22203", "P29_002": "A122310000433", "P29_003": "16011", "P29_004": "沼津あすなろ幼稚園", "P29_005": "静岡県沼津市西沢田244-2", "P29_006": "4", "P29_007": "0", "P29_008": "00", "P29_009": null }, "geometry": { "type": "Point", "coordinates": [ 138.843183689910603, 35.118708404729709 ] } },
{ "type": "Feature", "properties": { "P29_001": "22203", "P29_002": "A122310000442", "P29_003": "16011", "P29_004": "第二耕雲寺幼稚園", "P29_005": "静岡県沼津市大岡2242-14", "P29_006": "4", "P29_007": "0", "P29_008": "00", "P29_009": null }, "geometry": { "type": "Point", "coordinates": [ 138.876164499467706, 35.113808526611386 ] } },
{ "type": "Feature", "properties": { "P29_001": "22203", "P29_002": "A122310000451", "P29_003": "16011", "P29_004": "沼津梅花幼稚園", "P29_005": "静岡県沼津市本郷町23-9", "P29_006": "4", "P29_007": "0", "P29_008": "00", "P29_009": null }, "geometry": { "type": "Point", "coordinates": [ 138.870796336768962, 35.092899367277838 ] } },
{ "type": "Feature", "properties": { "P29_001": "22220", "P29_002": "A122310000460", "P29_003": "16011", "P29_004": "裾野聖母幼稚園", "P29_005": "静岡県裾野市岩波下ノ田53-12", "P29_006": "4", "P29_007": "0", "P29_008": "00", "P29_009": null }, "geometry": { "type": "Point", "coordinates": [ 138.921343682784027, 35.213991327205029 ] } },
{ "type": "Feature", "properties": { "P29_001": "22220", "P29_002": "A122310000479", "P29_003": "16011", "P29_004": "裾野ひかり幼稚園", "P29_005": "静岡県裾野市佐野171", "P29_006": "4", "P29_007": "0", "P29_008": "00", "P29_009": null }, "geometry": { "type": "Point", "coordinates": [ 138.911998605688723, 35.183736663775001 ] } },
{ "type": "Feature", "properties": { "P29_001": "22220", "P29_002": "A122310000488", "P29_003": "16011", "P29_004": "千福が丘ひかり幼稚園", "P29_005": "静岡県裾野市千福が丘1-10-17", "P29_006": "4", "P29_007": "0", "P29_008": "00", "P29_009": null }, "geometry": { "type": "Point", "coordinates": [ 138.882283235726533, 35.197595622314743 ] } },
{ "type": "Feature", "properties": { "P29_001": "22102", "P29_002": "A122310000497", "P29_003": "16011", "P29_004": "静岡聖光幼稚園", "P29_005": "静岡県静岡市駿河区馬渕3-15-26", "P29_006": "4", "P29_007": "0", "P29_008": "00", "P29_009": null }, "geometry": { "type": "Point", "coordinates": [ 138.387556036062165, 34.96455117159352 ] } },
{ "type": "Feature", "properties": { "P29_001": "22101", "P29_002": "A122310000512", "P29_003": "16011", "P29_004": "静岡田町幼稚園", "P29_005": "静岡県静岡市葵区田町4-67-3", "P29_006": "4", "P29_007": "0", "P29_008": "00", "P29_009": null }, "geometry": { "type": "Point", "coordinates": [ 138.366070913542302, 34.969187469505364 ] } },
{ "type": "Feature", "properties": { "P29_001": "22102", "P29_002": "A122310000521", "P29_003": "16011", "P29_004": "南八幡幼稚園", "P29_005": "静岡県静岡市駿河区南八幡町3-6", "P29_006": "4", "P29_007": "0", "P29_008": "00", "P29_009": null }, "geometry": { "type": "Point", "coordinates": [ 138.401756634486276, 34.962457445759533 ] } },
{ "type": "Feature", "properties": { "P29_001": "22101", "P29_002": "A122310000530", "P29_003": "16011", "P29_004": "てるみ幼稚園", "P29_005": "静岡県静岡市葵区大岩町12-37", "P29_006": "4", "P29_007": "0", "P29_008": "00", "P29_009": null }, "geometry": { "type": "Point", "coordinates": [ 138.37639231978136, 34.991090033911256 ] } },
{ "type": "Feature", "properties": { "P29_001": "22101", "P29_002": "A122310000549", "P29_003": "16011", "P29_004": "こまどり幼稚園", "P29_005": "静岡県静岡市葵区駒形通4-13-20", "P29_006": "4", "P29_007": "0", "P29_008": "00", "P29_009": null }, "geometry": { "type": "Point", "coordinates": [ 138.376933720799059, 34.965555200320232 ] } },
{ "type": "Feature", "properties": { "P29_001": "22101", "P29_002": "A122310000558", "P29_003": "16011", "P29_004": "かえで幼稚園", "P29_005": "静岡県静岡市葵区井宮町207", "P29_006": "4", "P29_007": "0", "P29_008": "00", "P29_009": null }, "geometry": { "type": "Point", "coordinates": [ 138.371569000823939, 34.987446000311472 ] } },
{ "type": "Feature", "properties": { "P29_001": "22101", "P29_002": "A122310000567", "P29_003": "16011", "P29_004": "静岡聖母幼稚園", "P29_005": "静岡県静岡市葵区城内町1-2", "P29_006": "4", "P29_007": "0", "P29_008": "00", "P29_009": null }, "geometry": { "type": "Point", "coordinates": [ 138.381103996439379, 34.981719002854611 ] } },
{ "type": "Feature", "properties": { "P29_001": "22101", "P29_002": "A122310000576", "P29_003": "16011", "P29_004": "桜花幼稚園", "P29_005": "静岡県静岡市葵区馬場町77", "P29_006": "4", "P29_007": "0", "P29_008": "00", "P29_009": null }, "geometry": { "type": "Point", "coordinates": [ 138.376329823751547, 34.978780099961398 ] } },
{ "type": "Feature", "properties": { "P29_001": "22102", "P29_002": "A122310000585", "P29_003": "16011", "P29_004": "丸子幼稚園", "P29_005": "静岡県静岡市駿河区丸子6-7-3", "P29_006": "4", "P29_007": "0", "P29_008": "00", "P29_009": null }, "geometry": { "type": "Point", "coordinates": [ 138.346246432483383, 34.949012573579964 ] } },
{ "type": "Feature", "properties": { "P29_001": "22102", "P29_002": "A122310000594", "P29_003": "16011", "P29_004": "八幡聖母幼稚園", "P29_005": "静岡県静岡市駿河区八幡4-10-14", "P29_006": "4", "P29_007": "0", "P29_008": "00", "P29_009": null }, "geometry": { "type": "Point", "coordinates": [ 138.399941877262876, 34.968700827267782 ] } },
{ "type": "Feature", "properties": { "P29_001": "22102", "P29_002": "A122310000601", "P29_003": "16011", "P29_004": "静岡豊田幼稚園", "P29_005": "静岡県静岡市駿河区曲金2-5-21", "P29_006": "4", "P29_007": "0", "P29_008": "00", "P29_009": null }, "geometry": { "type": "Point", "coordinates": [ 138.405044312564797, 34.977478196877946 ] } },
{ "type": "Feature", "properties": { "P29_001": "22101", "P29_002": "A122310000610", "P29_003": "16011", "P29_004": "リリー幼稚園", "P29_005": "静岡県静岡市葵区昭府2-18-20", "P29_006": "4", "P29_007": "0", "P29_008": "00", "P29_009": null }, "geometry": { "type": "Point", "coordinates": [ 138.367771002118218, 35.00317199576665 ] } },
{ "type": "Feature", "properties": { "P29_001": "22102", "P29_002": "A122310000629", "P29_003": "16011", "P29_004": "かわはらいづみ幼稚園", "P29_005": "静岡県静岡市駿河区みずほ1-12-15", "P29_006": "4", "P29_007": "0", "P29_008": "00", "P29_009": null }, "geometry": { "type": "Point", "coordinates": [ 138.36845621127398, 34.944176911550812 ] } },
{ "type": "Feature", "properties": { "P29_001": "22101", "P29_002": "A122310000638", "P29_003": "16011", "P29_004": "麻機幼稚園", "P29_005": "静岡県静岡市葵区南2-8-41", "P29_006": "4", "P29_007": "0", "P29_008": "00", "P29_009": null }, "geometry": { "type": "Point", "coordinates": [ 138.389948699628377, 35.024228074367208 ] } },
{ "type": "Feature", "properties": { "P29_001": "22102", "P29_002": "A122310000647", "P29_003": "16011", "P29_004": "静岡南幼稚園", "P29_005": "静岡県静岡市駿河区中田本町30-1", "P29_006": "4", "P29_007": "0", "P29_008": "00", "P29_009": null }, "geometry": { "type": "Point", "coordinates": [ 138.391962143043656, 34.957331442065509 ] } },
{ "type": "Feature", "properties": { "P29_001": "22101", "P29_002": "A122310000656", "P29_003": "16011", "P29_004": "静岡精華幼稚園", "P29_005": "静岡県静岡市葵区鷹匠3-11-24", "P29_006": "4", "P29_007": "0", "P29_008": "00", "P29_009": null }, "geometry": { "type": "Point", "coordinates": [ 138.389155465662014, 34.979011437866063 ] } },
{ "type": "Feature", "properties": { "P29_001": "22102", "P29_002": "A122310000665", "P29_003": "16011", "P29_004": "大里東幼稚園", "P29_005": "静岡県静岡市駿河区高松2526-2", "P29_006": "4", "P29_007": "0", "P29_008": "00", "P29_009": null }, "geometry": { "type": "Point", "coordinates": [ 138.415801798229552, 34.947228002465494 ] } },
{ "type": "Feature", "properties": { "P29_001": "22101", "P29_002": "A122310000674", "P29_003": "16011", "P29_004": "第一ひかり幼稚園", "P29_005": "静岡県静岡市葵区与一5-3-25", "P29_006": "4", "P29_007": "0", "P29_008": "00", "P29_009": null }, "geometry": { "type": "Point", "coordinates": [ 138.370996556009516, 35.012345735330257 ] } },
{ "type": "Feature", "properties": { "P29_001": "22102", "P29_002": "A122310000683", "P29_003": "16011", "P29_004": "学校法人リズミー学園幼稚園", "P29_005": "静岡県静岡市駿河区小鹿1071", "P29_006": "4", "P29_007": "0", "P29_008": "00", "P29_009": null }, "geometry": { "type": "Point", "coordinates": [ 138.426969492065155, 34.987177815360091 ] } },
{ "type": "Feature", "properties": { "P29_001": "22103", "P29_002": "A122310000709", "P29_003": "16011", "P29_004": "さくら幼稚園", "P29_005": "静岡県静岡市清水区入江南町15-19", "P29_006": "4", "P29_007": "0", "P29_008": "00", "P29_009": null }, "geometry": { "type": "Point", "coordinates": [ 138.476993735475077, 35.015766933369214 ] } },
{ "type": "Feature", "properties": { "P29_001": "22103", "P29_002": "A122310000718", "P29_003": "16011", "P29_004": "江尻幼稚園", "P29_005": "静岡県静岡市清水区二の丸町2-7", "P29_006": "4", "P29_007": "0", "P29_008": "00", "P29_009": null }, "geometry": { "type": "Point", "coordinates": [ 138.479904207304571, 35.0233871462978 ] } },
{ "type": "Feature", "properties": { "P29_001": "22103", "P29_002": "A122310000727", "P29_003": "16011", "P29_004": "日本平幼稚園", "P29_005": "静岡県静岡市清水区村松3834", "P29_006": "4", "P29_007": "0", "P29_008": "00", "P29_009": null }, "geometry": { "type": "Point", "coordinates": [ 138.48041312097132, 34.985904788145909 ] } },
{ "type": "Feature", "properties": { "P29_001": "22103", "P29_002": "A122310000736", "P29_003": "16011", "P29_004": "有度幼稚園", "P29_005": "静岡県静岡市清水区草薙一里山1-11", "P29_006": "4", "P29_007": "0", "P29_008": "00", "P29_009": null }, "geometry": { "type": "Point", "coordinates": [ 138.45172450578724, 35.007047401845526 ] } },
{ "type": "Feature", "properties": { "P29_001": "22103", "P29_002": "A122310000745", "P29_003": "16011", "P29_004": "八坂幼稚園", "P29_005": "静岡県静岡市清水区八坂東2-4-28", "P29_006": "4", "P29_007": "0", "P29_008": "00", "P29_009": null }, "geometry": { "type": "Point", "coordinates": [ 138.478008511087864, 35.034255294849594 ] } },
{ "type": "Feature", "properties": { "P29_001": "22103", "P29_002": "A122310000754", "P29_003": "16011", "P29_004": "船原幼稚園", "P29_005": "静岡県静岡市清水区船原1-348-12", "P29_006": "4", "P29_007": "0", "P29_008": "00", "P29_009": null }, "geometry": { "type": "Point", "coordinates": [ 138.468342514002302, 35.007336643305081 ] } },
{ "type": "Feature", "properties": { "P29_001": "22103", "P29_002": "A122310000763", "P29_003": "16011", "P29_004": "静岡サレジオ幼稚園", "P29_005": "静岡県静岡市清水区中之郷3-2-1", "P29_006": "4", "P29_007": "0", "P29_008": "00", "P29_009": null }, "geometry": { "type": "Point", "coordinates": [ 138.439160011751994, 35.002102576929907 ] } },
{ "type": "Feature", "properties": { "P29_001": "22209", "P29_002": "A122310000772", "P29_003": "16011", "P29_004": "島田南幼稚園", "P29_005": "静岡県島田市横井4-2-15", "P29_006": "4", "P29_007": "0", "P29_008": "00", "P29_009": null }, "geometry": { "type": "Point", "coordinates": [ 138.177367503279129, 34.82946475774343 ] } },
{ "type": "Feature", "properties": { "P29_001": "22209", "P29_002": "A122310000781", "P29_003": "16011", "P29_004": "認定こども園伊久身幼稚園", "P29_005": "静岡県島田市身成332-1", "P29_006": "4", "P29_007": "0", "P29_008": "00", "P29_009": null }, "geometry": { "type": "Point", "coordinates": [ 138.111965496396181, 34.904447287909399 ] } },
{ "type": "Feature", "properties": { "P29_001": "22209", "P29_002": "A122310000790", "P29_003": "16011", "P29_004": "島田北幼稚園", "P29_005": "静岡県島田市野田1251-1", "P29_006": "4", "P29_007": "0", "P29_008": "00", "P29_009": null }, "geometry": { "type": "Point", "coordinates": [ 138.182014496903861, 34.843516351000659 ] } },
{ "type": "Feature", "properties": { "P29_001": "22209", "P29_002": "A122310000807", "P29_003": "16011", "P29_004": "六合幼稚園", "P29_005": "静岡県島田市道悦2-27-11", "P29_006": "4", "P29_007": "0", "P29_008": "00", "P29_009": null }, "geometry": { "type": "Point", "coordinates": [ 138.20364249905424, 34.835476421159797 ] } },
{ "type": "Feature", "properties": { "P29_001": "22209", "P29_002": "A122310000816", "P29_003": "16011", "P29_004": "認定こども園五和幼稚園", "P29_005": "静岡県島田市島550-6", "P29_006": "4", "P29_007": "0", "P29_008": "00", "P29_009": null }, "geometry": { "type": "Point", "coordinates": [ 138.125392507746255, 34.844111332190359 ] } },
{ "type": "Feature", "properties": { "P29_001": "22212", "P29_002": "A122310000825", "P29_003": "16011", "P29_004": "学校法人相愛学園焼津幼稚園", "P29_005": "静岡県焼津市焼津5-4-2", "P29_006": "4", "P29_007": "0", "P29_008": "00", "P29_009": null }, "geometry": { "type": "Point", "coordinates": [ 138.318302492356025, 34.861191196152845 ] } },
{ "type": "Feature", "properties": { "P29_001": "22212", "P29_002": "A122310000834", "P29_003": "16011", "P29_004": "新屋幼稚園", "P29_005": "静岡県焼津市本町1-1-10", "P29_006": "4", "P29_007": "0", "P29_008": "00", "P29_009": null }, "geometry": { "type": "Point", "coordinates": [ 138.321887497568639, 34.868730867037847 ] } },
{ "type": "Feature", "properties": { "P29_001": "22212", "P29_002": "A122310000843", "P29_003": "16011", "P29_004": "西町幼稚園", "P29_005": "静岡県焼津市大村1-12", "P29_006": "4", "P29_007": "0", "P29_008": "00", "P29_009": null }, "geometry": { "type": "Point", "coordinates": [ 138.308110504436058, 34.874332681946413 ] } },
{ "type": "Feature", "properties": { "P29_001": "22212", "P29_002": "A122310000852", "P29_003": "16011", "P29_004": "小川幼稚園", "P29_005": "静岡県焼津市東小川6-21-4", "P29_006": "4", "P29_007": "0", "P29_008": "00", "P29_009": null }, "geometry": { "type": "Point", "coordinates": [ 138.311751513681969, 34.853113190644592 ] } },
{ "type": "Feature", "properties": { "P29_001": "22212", "P29_002": "A122310000861", "P29_003": "16011", "P29_004": "みなと幼稚園", "P29_005": "静岡県焼津市中港1-7-23", "P29_006": "4", "P29_007": "0", "P29_008": "00", "P29_009": null }, "geometry": { "type": "Point", "coordinates": [ 138.321982501614656, 34.873171926151478 ] } },
{ "type": "Feature", "properties": { "P29_001": "22212", "P29_002": "A122310000870", "P29_003": "16011", "P29_004": "焼津豊田幼稚園", "P29_005": "静岡県焼津市小土1059-1", "P29_006": "4", "P29_007": "0", "P29_008": "00", "P29_009": null }, "geometry": { "type": "Point", "coordinates": [ 138.288655005538374, 34.863533998542131 ] } },
{ "type": "Feature", "properties": { "P29_001": "22212", "P29_002": "A122310000889", "P29_003": "16011", "P29_004": "みやじま幼稚園", "P29_005": "静岡県焼津市三ヶ名字宮嶋807-1", "P29_006": "4", "P29_007": "0", "P29_008": "00", "P29_009": null }, "geometry": { "type": "Point", "coordinates": [ 138.301770499795225, 34.859930620518419 ] } },
{ "type": "Feature", "properties": { "P29_001": "22212", "P29_002": "A122310000898", "P29_003": "16011", "P29_004": "焼津中央幼稚園", "P29_005": "静岡県焼津市西小川1-2-14", "P29_006": "4", "P29_007": "0", "P29_008": "00", "P29_009": null }, "geometry": { "type": "Point", "coordinates": [ 138.311865494400763, 34.860897777468232 ] } },
{ "type": "Feature", "properties": { "P29_001": "22212", "P29_002": "A122310000905", "P29_003": "16011", "P29_004": "まどか幼稚園", "P29_005": "静岡県焼津市田尻北1223-2", "P29_006": "4", "P29_007": "0", "P29_008": "00", "P29_009": null }, "geometry": { "type": "Point", "coordinates": [ 138.329066500557133, 34.839875420321178 ] } },
{ "type": "Feature", "properties": { "P29_001": "22212", "P29_002": "A122310000914", "P29_003": "16011", "P29_004": "三和幼稚園", "P29_005": "静岡県焼津市三和614-2", "P29_006": "4", "P29_007": "0", "P29_008": "00", "P29_009": null }, "geometry": { "type": "Point", "coordinates": [ 138.299606243918504, 34.826478084509382 ] } },
{ "type": "Feature", "properties": { "P29_001": "22212", "P29_002": "A122310000923", "P29_003": "16011", "P29_004": "すみれ台幼稚園", "P29_005": "静岡県焼津市すみれ台1-25-1", "P29_006": "4", "P29_007": "0", "P29_008": "00", "P29_009": null }, "geometry": { "type": "Point", "coordinates": [ 138.324676509856857, 34.830973689110003 ] } },
{ "type": "Feature", "properties": { "P29_001": "22213", "P29_002": "A122310000941", "P29_003": "16011", "P29_004": "くるみ幼稚園", "P29_005": "静岡県掛川市中央2-18-5", "P29_006": "4", "P29_007": "0", "P29_008": "00", "P29_009": null }, "geometry": { "type": "Point", "coordinates": [ 138.006153507670604, 34.771648890334838 ] } },
{ "type": "Feature", "properties": { "P29_001": "22213", "P29_002": "A122310000978", "P29_003": "16011", "P29_004": "掛川中央幼保園", "P29_005": "静岡県掛川市和光2-16-1", "P29_006": "4", "P29_007": "0", "P29_008": "00", "P29_009": null }, "geometry": { "type": "Point", "coordinates": [ 138.010826504253544, 34.786767487059947 ] } },
{ "type": "Feature", "properties": { "P29_001": "22214", "P29_002": "A122310000987", "P29_003": "16011", "P29_004": "藤枝東幼稚園", "P29_005": "静岡県藤枝市若王子3-4-34", "P29_006": "4", "P29_007": "0", "P29_008": "00", "P29_009": null }, "geometry": { "type": "Point", "coordinates": [ 138.256375003454224, 34.87901300082661 ] } },
{ "type": "Feature", "properties": { "P29_001": "22214", "P29_002": "A122310000996", "P29_003": "16011", "P29_004": "西益津幼稚園", "P29_005": "静岡県藤枝市郡1009", "P29_006": "4", "P29_007": "0", "P29_008": "00", "P29_009": null }, "geometry": { "type": "Point", "coordinates": [ 138.272757500075386, 34.8750749080465 ] } },
{ "type": "Feature", "properties": { "P29_001": "22214", "P29_002": "A122310001003", "P29_003": "16011", "P29_004": "藤枝聖母幼稚園", "P29_005": "静岡県藤枝市茶町1-2-51", "P29_006": "4", "P29_007": "0", "P29_008": "00", "P29_009": null }, "geometry": { "type": "Point", "coordinates": [ 138.249854498937481, 34.870570313247747 ] } },
{ "type": "Feature", "properties": { "P29_001": "22214", "P29_002": "A122310001012", "P29_003": "16011", "P29_004": "高洲幼稚園", "P29_005": "静岡県藤枝市高柳2-6-1", "P29_006": "4", "P29_007": "0", "P29_008": "00", "P29_009": null }, "geometry": { "type": "Point", "coordinates": [ 138.265186503547483, 34.848613418337415 ] } },
{ "type": "Feature", "properties": { "P29_001": "22214", "P29_002": "A122310001021", "P29_003": "16011", "P29_004": "藤枝西幼稚園", "P29_005": "静岡県藤枝市茶町1-1-33", "P29_006": "4", "P29_007": "0", "P29_008": "00", "P29_009": null }, "geometry": { "type": "Point", "coordinates": [ 138.248520000369695, 34.869677997267935 ] } },
{ "type": "Feature", "properties": { "P29_001": "22214", "P29_002": "A122310001049", "P29_003": "16011", "P29_004": "認定こども園藤枝橘幼稚園", "P29_005": "静岡県藤枝市北方1130-13", "P29_006": "4", "P29_007": "0", "P29_008": "00", "P29_009": null }, "geometry": { "type": "Point", "coordinates": [ 138.237464914104038, 34.922193168789661 ] } },
{ "type": "Feature", "properties": { "P29_001": "22214", "P29_002": "A122310001058", "P29_003": "16011", "P29_004": "藤枝順心高等学校附属幼稚園", "P29_005": "静岡県藤枝市前島2-3-2", "P29_006": "4", "P29_007": "0", "P29_008": "00", "P29_009": null }, "geometry": { "type": "Point", "coordinates": [ 138.253986499469562, 34.844934065929181 ] } },
{ "type": "Feature", "properties": { "P29_001": "22214", "P29_002": "A122310001067", "P29_003": "16011", "P29_004": "藤岡幼稚園", "P29_005": "静岡県藤枝市藤岡2-7-1", "P29_006": "4", "P29_007": "0", "P29_008": "00", "P29_009": null }, "geometry": { "type": "Point", "coordinates": [ 138.269163497302088, 34.881367514253057 ] } },
{ "type": "Feature", "properties": { "P29_001": "22214", "P29_002": "A122310001076", "P29_003": "16011", "P29_004": "高洲南幼稚園", "P29_005": "静岡県藤枝市高洲54-4", "P29_006": "4", "P29_007": "0", "P29_008": "00", "P29_009": null }, "geometry": { "type": "Point", "coordinates": [ 138.259622503745476, 34.835948488488462 ] } },
{ "type": "Feature", "properties": { "P29_001": "22214", "P29_002": "A122310001085", "P29_003": "16011", "P29_004": "平島幼稚園", "P29_005": "静岡県藤枝市平島602-99", "P29_006": "4", "P29_007": "0", "P29_008": "00", "P29_009": null }, "geometry": { "type": "Point", "coordinates": [ 138.287691003812142, 34.879512997358773 ] } },
{ "type": "Feature", "properties": { "P29_001": "22214", "P29_002": "A122310001094", "P29_003": "16011", "P29_004": "藤枝音羽幼稚園", "P29_005": "静岡県藤枝市音羽町3-10-6", "P29_006": "4", "P29_007": "0", "P29_008": "00", "P29_009": null }, "geometry": { "type": "Point", "coordinates": [ 138.238597500670977, 34.873812464799677 ] } },
{ "type": "Feature", "properties": { "P29_001": "22103", "P29_002": "A122310001101", "P29_003": "16011", "P29_004": "東光幼稚園", "P29_005": "静岡県静岡市清水区蒲原2-13-3", "P29_006": "4", "P29_007": "0", "P29_008": "00", "P29_009": null }, "geometry": { "type": "Point", "coordinates": [ 138.607840600900545, 35.12130547826952 ] } },
{ "type": "Feature", "properties": { "P29_001": "22103", "P29_002": "A122310001110", "P29_003": "16011", "P29_004": "蒲原梅花幼稚園", "P29_005": "静岡県静岡市清水区蒲原新田2-1-18", "P29_006": "4", "P29_007": "0", "P29_008": "00", "P29_009": null }, "geometry": { "type": "Point", "coordinates": [ 138.600627973586057, 35.119144662495145 ] } },
{ "type": "Feature", "properties": { "P29_001": "22103", "P29_002": "A122310001129", "P29_003": "16011", "P29_004": "蒲原聖母幼稚園", "P29_005": "静岡県静岡市清水区蒲原神沢135-1", "P29_006": "4", "P29_007": "0", "P29_008": "00", "P29_009": null }, "geometry": { "type": "Point", "coordinates": [ 138.577977757227728, 35.112927043726117 ] } },
{ "type": "Feature", "properties": { "P29_001": "22214", "P29_002": "A122310001138", "P29_003": "16011", "P29_004": "学校法人静岡聖母学園岡部聖母幼稚園", "P29_005": "静岡県藤枝市岡部町内谷1327-1", "P29_006": "4", "P29_007": "0", "P29_008": "00", "P29_009": null }, "geometry": { "type": "Point", "coordinates": [ 138.288471839786183, 34.907530117388674 ] } },
{ "type": "Feature", "properties": { "P29_001": "22226", "P29_002": "A122310001147", "P29_003": "16011", "P29_004": "榛原ふたば幼稚園", "P29_005": "静岡県牧之原市静波1698-68", "P29_006": "4", "P29_007": "0", "P29_008": "00", "P29_009": null }, "geometry": { "type": "Point", "coordinates": [ 138.227998999022816, 34.736529003052709 ] } },
{ "type": "Feature", "properties": { "P29_001": "22424", "P29_002": "A122310001156", "P29_003": "16011", "P29_004": "ちどり幼稚園", "P29_005": "静岡県榛原郡吉田町川尻1674-1", "P29_006": "4", "P29_007": "0", "P29_008": "00", "P29_009": null }, "geometry": { "type": "Point", "coordinates": [ 138.272878276951133, 34.768662103118537 ] } },
{ "type": "Feature", "properties": { "P29_001": "22424", "P29_002": "A122310001165", "P29_003": "16011", "P29_004": "ひばり幼稚園", "P29_005": "静岡県榛原郡吉田町住吉4900", "P29_006": "4", "P29_007": "0", "P29_008": "00", "P29_009": null }, "geometry": { "type": "Point", "coordinates": [ 138.257760189254469, 34.752278676452455 ] } },
{ "type": "Feature", "properties": { "P29_001": "22209", "P29_002": "A122310001174", "P29_003": "16011", "P29_004": "金谷幼稚園", "P29_005": "静岡県島田市金谷根岸町47-1", "P29_006": "4", "P29_007": "0", "P29_008": "00", "P29_009": null }, "geometry": { "type": "Point", "coordinates": [ 138.125929506453417, 34.827989367947637 ] } },
{ "type": "Feature", "properties": { "P29_001": "22429", "P29_002": "A122310001183", "P29_003": "16011", "P29_004": "さゆり幼稚園", "P29_005": "静岡県榛原郡川根本町徳山845", "P29_006": "4", "P29_007": "0", "P29_008": "00", "P29_009": null }, "geometry": { "type": "Point", "coordinates": [ 138.112267867400817, 35.07654700336824 ] } },
{ "type": "Feature", "properties": { "P29_001": "22223", "P29_002": "A122310001192", "P29_003": "16011", "P29_004": "美土代幼稚園", "P29_005": "静岡県御前崎市佐倉3376-36", "P29_006": "4", "P29_007": "0", "P29_008": "00", "P29_009": null }, "geometry": { "type": "Point", "coordinates": [ 138.15767064747692, 34.620656155096022 ] } },
{ "type": "Feature", "properties": { "P29_001": "22224", "P29_002": "A122310001209", "P29_003": "16011", "P29_004": "認定こども園堀之内幼稚園", "P29_005": "静岡県菊川市堀之内69", "P29_006": "4", "P29_007": "0", "P29_008": "00", "P29_009": null }, "geometry": { "type": "Point", "coordinates": [ 138.08265600399011, 34.75833599838775 ] } },
{ "type": "Feature", "properties": { "P29_001": "22131", "P29_002": "A122310001227", "P29_003": "16011", "P29_004": "萩丘幼稚園", "P29_005": "静岡県浜松市中区泉2-3-10", "P29_006": "4", "P29_007": "0", "P29_008": "00", "P29_009": null }, "geometry": { "type": "Point", "coordinates": [ 137.722769072434062, 34.74340898282162 ] } },
{ "type": "Feature", "properties": { "P29_001": "22131", "P29_002": "A122310001236", "P29_003": "16011", "P29_004": "鴨江幼稚園", "P29_005": "静岡県浜松市中区鴨江町97-3", "P29_006": "4", "P29_007": "0", "P29_008": "00", "P29_009": null }, "geometry": { "type": "Point", "coordinates": [ 137.721026420997418, 34.70457159596382 ] } },
{ "type": "Feature", "properties": { "P29_001": "22131", "P29_002": "A122310001245", "P29_003": "16011", "P29_004": "成子幼稚園", "P29_005": "静岡県浜松市中区成子町13", "P29_006": "4", "P29_007": "0", "P29_008": "00", "P29_009": null }, "geometry": { "type": "Point", "coordinates": [ 137.725853999047729, 34.700174000519752 ] } },
{ "type": "Feature", "properties": { "P29_001": "22131", "P29_002": "A122310001263", "P29_003": "16011", "P29_004": "富塚幼稚園", "P29_005": "静岡県浜松市中区富塚町659", "P29_006": "4", "P29_007": "0", "P29_008": "00", "P29_009": null }, "geometry": { "type": "Point", "coordinates": [ 137.705921610668696, 34.725592533252758 ] } },
{ "type": "Feature", "properties": { "P29_001": "22131", "P29_002": "A122310001272", "P29_003": "16011", "P29_004": "佐藤幼稚園", "P29_005": "静岡県浜松市中区佐藤3-15-18", "P29_006": "4", "P29_007": "0", "P29_008": "00", "P29_009": null }, "geometry": { "type": "Point", "coordinates": [ 137.75056086460998, 34.71301172131782 ] } },
{ "type": "Feature", "properties": { "P29_001": "22131", "P29_002": "A122310001281", "P29_003": "16011", "P29_004": "ひくま幼稚園", "P29_005": "静岡県浜松市中区助信町35-30", "P29_006": "4", "P29_007": "0", "P29_008": "00", "P29_009": null }, "geometry": { "type": "Point", "coordinates": [ 137.736036518801455, 34.722839731399759 ] } },
{ "type": "Feature", "properties": { "P29_001": "22131", "P29_002": "A122310001290", "P29_003": "16011", "P29_004": "普済寺幼稚園", "P29_005": "静岡県浜松市中区広沢1-2-1", "P29_006": "4", "P29_007": "0", "P29_008": "00", "P29_009": null }, "geometry": { "type": "Point", "coordinates": [ 137.719288000981862, 34.713044999229872 ] } },
{ "type": "Feature", "properties": { "P29_001": "22131", "P29_002": "A122310001307", "P29_003": "16011", "P29_004": "蜆塚幼稚園", "P29_005": "静岡県浜松市中区蜆塚1-20-2", "P29_006": "4", "P29_007": "0", "P29_008": "00", "P29_009": null }, "geometry": { "type": "Point", "coordinates": [ 137.71315766064356, 34.71373272988393 ] } },
{ "type": "Feature", "properties": { "P29_001": "22131", "P29_002": "A122310001316", "P29_003": "16011", "P29_004": "あけぼの幼稚園", "P29_005": "静岡県浜松市中区城北2-5-28", "P29_006": "4", "P29_007": "0", "P29_008": "00", "P29_009": null }, "geometry": { "type": "Point", "coordinates": [ 137.721053881623192, 34.721291980067924 ] } },
{ "type": "Feature", "properties": { "P29_001": "22134", "P29_002": "A122310001325", "P29_003": "16011", "P29_004": "河輪幼稚園", "P29_005": "静岡県浜松市南区東町238-1", "P29_006": "4", "P29_007": "0", "P29_008": "00", "P29_009": null }, "geometry": { "type": "Point", "coordinates": [ 137.783976521389263, 34.679243996775462 ] } },
{ "type": "Feature", "properties": { "P29_001": "22131", "P29_002": "A122310001334", "P29_003": "16011", "P29_004": "上島幼稚園", "P29_005": "静岡県浜松市中区上島1-22-5", "P29_006": "4", "P29_007": "0", "P29_008": "00", "P29_009": null }, "geometry": { "type": "Point", "coordinates": [ 137.741742015492406, 34.736756831736983 ] } },
{ "type": "Feature", "properties": { "P29_001": "22131", "P29_002": "A122310001352", "P29_003": "16011", "P29_004": "早出幼稚園", "P29_005": "静岡県浜松市中区早出町1414-1", "P29_006": "4", "P29_007": "0", "P29_008": "00", "P29_009": null }, "geometry": { "type": "Point", "coordinates": [ 137.749069587466096, 34.733644579384723 ] } },
{ "type": "Feature", "properties": { "P29_001": "22132", "P29_002": "A122310001361", "P29_003": "16011", "P29_004": "蒲幼稚園", "P29_005": "静岡県浜松市東区神立町480", "P29_006": "4", "P29_007": "0", "P29_008": "00", "P29_009": null }, "geometry": { "type": "Point", "coordinates": [ 137.750956988417244, 34.716776191666881 ] } },
{ "type": "Feature", "properties": { "P29_001": "22131", "P29_002": "A122310001370", "P29_003": "16011", "P29_004": "駅南幼稚園", "P29_005": "静岡県浜松市中区寺島町478", "P29_006": "4", "P29_007": "0", "P29_008": "00", "P29_009": null }, "geometry": { "type": "Point", "coordinates": [ 137.740731885192673, 34.7015170207643 ] } },
{ "type": "Feature", "properties": { "P29_001": "22131", "P29_002": "A122310001389", "P29_003": "16011", "P29_004": "朝田幼稚園", "P29_005": "静岡県浜松市中区法枝町116-1", "P29_006": "4", "P29_007": "0", "P29_008": "00", "P29_009": null }, "geometry": { "type": "Point", "coordinates": [ 137.727936285959743, 34.685442262152442 ] } },
{ "type": "Feature", "properties": { "P29_001": "22131", "P29_002": "A122310001398", "P29_003": "16011", "P29_004": "城北幼稚園", "P29_005": "静岡県浜松市中区文丘町27-3", "P29_006": "4", "P29_007": "0", "P29_008": "00", "P29_009": null }, "geometry": { "type": "Point", "coordinates": [ 137.715418711727807, 34.72662580498428 ] } },
{ "type": "Feature", "properties": { "P29_001": "22134", "P29_002": "A122310001405", "P29_003": "16011", "P29_004": "中田島幼稚園", "P29_005": "静岡県浜松市南区中田島町1612", "P29_006": "4", "P29_007": "0", "P29_008": "00", "P29_009": null }, "geometry": { "type": "Point", "coordinates": [ 137.740632104369325, 34.665077067269522 ] } },
{ "type": "Feature", "properties": { "P29_001": "22131", "P29_002": "A122310001414", "P29_003": "16011", "P29_004": "日本文教幼稚園", "P29_005": "静岡県浜松市中区常盤町141-20", "P29_006": "4", "P29_007": "0", "P29_008": "00", "P29_009": null }, "geometry": { "type": "Point", "coordinates": [ 137.732584000682721, 34.710764997136259 ] } },
{ "type": "Feature", "properties": { "P29_001": "22131", "P29_002": "A122310001423", "P29_003": "16011", "P29_004": "青葉幼稚園", "P29_005": "静岡県浜松市中区栄町118", "P29_006": "4", "P29_007": "0", "P29_008": "00", "P29_009": null }, "geometry": { "type": "Point", "coordinates": [ 137.725863149731538, 34.704087161658371 ] } },
{ "type": "Feature", "properties": { "P29_001": "22131", "P29_002": "A122310001432", "P29_003": "16011", "P29_004": "浜松葵幼稚園", "P29_005": "静岡県浜松市中区幸4-27-1", "P29_006": "4", "P29_007": "0", "P29_008": "00", "P29_009": null }, "geometry": { "type": "Point", "coordinates": [ 137.730925266395872, 34.74387145361316 ] } },
{ "type": "Feature", "properties": { "P29_001": "22131", "P29_002": "A122310001441", "P29_003": "16011", "P29_004": "浜松学院大学付属幼稚園", "P29_005": "静岡県浜松市中区住吉1-22-5", "P29_006": "4", "P29_007": "0", "P29_008": "00", "P29_009": null }, "geometry": { "type": "Point", "coordinates": [ 137.723497796012339, 34.727208323848423 ] } },
{ "type": "Feature", "properties": { "P29_001": "22131", "P29_002": "A122310001450", "P29_003": "16011", "P29_004": "緑ヶ丘幼稚園", "P29_005": "静岡県浜松市中区東伊場1-24-6", "P29_006": "4", "P29_007": "0", "P29_008": "00", "P29_009": null }, "geometry": { "type": "Point", "coordinates": [ 137.714871022029257, 34.700540751014621 ] } },
{ "type": "Feature", "properties": { "P29_001": "22131", "P29_002": "A122310001469", "P29_003": "16011", "P29_004": "松城幼稚園", "P29_005": "静岡県浜松市中区鹿谷町1-1", "P29_006": "4", "P29_007": "0", "P29_008": "00", "P29_009": null }, "geometry": { "type": "Point", "coordinates": [ 137.722291127014586, 34.7131870197761 ] } },
{ "type": "Feature", "properties": { "P29_001": "22133", "P29_002": "A122310001478", "P29_003": "16011", "P29_004": "さなる幼稚園", "P29_005": "静岡県浜松市西区大平台4-9-1", "P29_006": "4", "P29_007": "0", "P29_008": "00", "P29_009": null }, "geometry": { "type": "Point", "coordinates": [ 137.678598689905385, 34.710037137253494 ] } },
{ "type": "Feature", "properties": { "P29_001": "22133", "P29_002": "A122310001496", "P29_003": "16011", "P29_004": "志都呂幼稚園", "P29_005": "静岡県浜松市西区志都呂町1302", "P29_006": "4", "P29_007": "0", "P29_008": "00", "P29_009": null }, "geometry": { "type": "Point", "coordinates": [ 137.655289774868834, 34.701235693478367 ] } },
{ "type": "Feature", "properties": { "P29_001": "22134", "P29_002": "A122310001502", "P29_003": "16011", "P29_004": "あすなろ幼稚園", "P29_005": "静岡県浜松市南区遠州浜1-10-2", "P29_006": "4", "P29_007": "0", "P29_008": "00", "P29_009": null }, "geometry": { "type": "Point", "coordinates": [ 137.761287658886999, 34.657002972079958 ] } },
{ "type": "Feature", "properties": { "P29_001": "22131", "P29_002": "A122310001511", "P29_003": "16011", "P29_004": "浜松海の星幼稚園", "P29_005": "静岡県浜松市中区蜆塚3-14-3", "P29_006": "4", "P29_007": "0", "P29_008": "00", "P29_009": null }, "geometry": { "type": "Point", "coordinates": [ 137.707770441551077, 34.714987335356717 ] } },
{ "type": "Feature", "properties": { "P29_001": "22132", "P29_002": "A122310001520", "P29_003": "16011", "P29_004": "海の星鷺の宮幼稚園", "P29_005": "静岡県浜松市東区大瀬町27-32", "P29_006": "4", "P29_007": "0", "P29_008": "00", "P29_009": null }, "geometry": { "type": "Point", "coordinates": [ 137.764709967394396, 34.754776551313299 ] } },
{ "type": "Feature", "properties": { "P29_001": "22133", "P29_002": "A122310001539", "P29_003": "16011", "P29_004": "湖東幼稚園", "P29_005": "静岡県浜松市西区湖東町1169-179", "P29_006": "4", "P29_007": "0", "P29_008": "00", "P29_009": null }, "geometry": { "type": "Point", "coordinates": [ 137.664503884459492, 34.762655013485855 ] } },
{ "type": "Feature", "properties": { "P29_001": "22131", "P29_002": "A122310001548", "P29_003": "16011", "P29_004": "追分幼稚園", "P29_005": "静岡県浜松市中区葵東2-10-23", "P29_006": "4", "P29_007": "0", "P29_008": "00", "P29_009": null }, "geometry": { "type": "Point", "coordinates": [ 137.723923068097946, 34.760330061017662 ] } },
{ "type": "Feature", "properties": { "P29_001": "22132", "P29_002": "A122310001557", "P29_003": "16011", "P29_004": "篠ケ瀬幼稚園", "P29_005": "静岡県浜松市東区篠ケ瀬町286", "P29_006": "4", "P29_007": "0", "P29_008": "00", "P29_009": null }, "geometry": { "type": "Point", "coordinates": [ 137.773137013572182, 34.728912603002833 ] } },
{ "type": "Feature", "properties": { "P29_001": "22132", "P29_002": "A122310001566", "P29_003": "16011", "P29_004": "天王幼稚園", "P29_005": "静岡県浜松市東区天王町943", "P29_006": "4", "P29_007": "0", "P29_008": "00", "P29_009": null }, "geometry": { "type": "Point", "coordinates": [ 137.776416002948935, 34.734027003249594 ] } },
{ "type": "Feature", "properties": { "P29_001": "22135", "P29_002": "A122310001575", "P29_003": "16011", "P29_004": "旭ヶ丘幼稚園", "P29_005": "静岡県浜松市北区初生町1139", "P29_006": "4", "P29_007": "0", "P29_008": "00", "P29_009": null }, "geometry": { "type": "Point", "coordinates": [ 137.731053810439789, 34.771433146782556 ] } },
{ "type": "Feature", "properties": { "P29_001": "22131", "P29_002": "A122310001584", "P29_003": "16011", "P29_004": "佐鳴台入野幼稚園", "P29_005": "静岡県浜松市中区佐鳴台2-26-1", "P29_006": "4", "P29_007": "0", "P29_008": "00", "P29_009": null }, "geometry": { "type": "Point", "coordinates": [ 137.69360838548883, 34.704259143149152 ] } },
{ "type": "Feature", "properties": { "P29_001": "22135", "P29_002": "A122310001593", "P29_003": "16011", "P29_004": "百花幼稚園", "P29_005": "静岡県浜松市北区根洗町1497-2", "P29_006": "4", "P29_007": "0", "P29_008": "00", "P29_009": null }, "geometry": { "type": "Point", "coordinates": [ 137.710148670710083, 34.792324145384683 ] } },
{ "type": "Feature", "properties": { "P29_001": "22131", "P29_002": "A122310001600", "P29_003": "16011", "P29_004": "平成幼稚園", "P29_005": "静岡県浜松市中区高丘北3-16-14", "P29_006": "4", "P29_007": "0", "P29_008": "00", "P29_009": null }, "geometry": { "type": "Point", "coordinates": [ 137.700134672762744, 34.765487874376298 ] } },
{ "type": "Feature", "properties": { "P29_001": "22211", "P29_002": "A122310001619", "P29_003": "16011", "P29_004": "磐田聖マリア幼稚園", "P29_005": "静岡県磐田市国府台54-3", "P29_006": "4", "P29_007": "0", "P29_008": "00", "P29_009": null }, "geometry": { "type": "Point", "coordinates": [ 137.848960043081064, 34.722999663806107 ] } },
{ "type": "Feature", "properties": { "P29_001": "22211", "P29_002": "A122310001628", "P29_003": "16011", "P29_004": "富士見幼稚園", "P29_005": "静岡県磐田市富士見町1-4-4", "P29_006": "4", "P29_007": "0", "P29_008": "00", "P29_009": null }, "geometry": { "type": "Point", "coordinates": [ 137.870694839361221, 34.731651189687078 ] } },
{ "type": "Feature", "properties": { "P29_001": "22216", "P29_002": "A122310001637", "P29_003": "16011", "P29_004": "山名幼稚園", "P29_005": "静岡県袋井市三門町8-1", "P29_006": "4", "P29_007": "0", "P29_008": "00", "P29_009": null }, "geometry": { "type": "Point", "coordinates": [ 137.923795391587788, 34.741102465858617 ] } },
{ "type": "Feature", "properties": { "P29_001": "22136", "P29_002": "A122310001646", "P29_003": "16011", "P29_004": "北浜幼稚園", "P29_005": "静岡県浜松市浜北区貴布祢409", "P29_006": "4", "P29_007": "0", "P29_008": "00", "P29_009": null }, "geometry": { "type": "Point", "coordinates": [ 137.785777954082391, 34.795242881561698 ] } },
{ "type": "Feature", "properties": { "P29_001": "22137", "P29_002": "A122310001655", "P29_003": "16011", "P29_004": "水窪幼稚園", "P29_005": "静岡県浜松市天竜区水窪町奥領家3184", "P29_006": "4", "P29_007": "0", "P29_008": "00", "P29_009": null }, "geometry": { "type": "Point", "coordinates": [ 137.866512996101733, 35.167621003480342 ] } },
{ "type": "Feature", "properties": { "P29_001": "22133", "P29_002": "A122310001664", "P29_003": "16011", "P29_004": "浜名幼稚園", "P29_005": "静岡県浜松市西区舞阪町浜田76", "P29_006": "4", "P29_007": "0", "P29_008": "00", "P29_009": null }, "geometry": { "type": "Point", "coordinates": [ 137.615478394852261, 34.68262381397426 ] } },
{ "type": "Feature", "properties": { "P29_001": "22135", "P29_002": "A122310001673", "P29_003": "16011", "P29_004": "気賀幼稚園", "P29_005": "静岡県浜松市北区細江町気賀997-1", "P29_006": "4", "P29_007": "0", "P29_008": "00", "P29_009": null }, "geometry": { "type": "Point", "coordinates": [ 137.652671911366497, 34.8098023224305 ] } },
{ "type": "Feature", "properties": { "P29_001": "22135", "P29_002": "A122310001682", "P29_003": "16011", "P29_004": "三松幼稚園", "P29_005": "静岡県浜松市北区三ヶ日町三ヶ日432", "P29_006": "4", "P29_007": "0", "P29_008": "00", "P29_009": null }, "geometry": { "type": "Point", "coordinates": [ 137.555493896949883, 34.808953293598059 ] } },
{ "type": "Feature", "properties": { "P29_001": "22134", "P29_002": "A122310001691", "P29_003": "16011", "P29_004": "美波幼稚園", "P29_005": "静岡県浜松市南区大柳町50", "P29_006": "4", "P29_007": "0", "P29_008": "00", "P29_009": null }, "geometry": { "type": "Point", "coordinates": [ 137.753868120397755, 34.678404963488674 ] } }
]
}
